Workbook

Sheet 彙總
A1: 家教課程消費明細 — 彙總
A2: 資料來源：消費紀錄列印20260622_0037.pdf（駿斯運動 · 家教系統）
A3: 列印條件期間：2022-06-01 ~ 2026-06-22 產出日：2026-06-22
A4: 註：本檔 3,019 筆全部為「家教課程」消費；查無「會期/會員」購買品項。
A6: 交易概況
A7: 總交易筆數 | B7: =COUNT(家教課程明細!$A$2:$A$3020) -> 3019
A8: 實際金額合計 | B8: =SUM(家教課程明細!$O$2:$O$3020) -> 29786382
A9: 折扣(全)合計 | B9: =SUM(家教課程明細!$N$2:$N$3020) -> -2586258
A10: 紅利折扣合計 | B10: =SUM(家教課程明細!$M$2:$M$3020) -> 0
A11: 商品項數合計 | B11: =SUM(家教課程明細!$I$2:$I$3020) -> 4111
A12: 平均客單價 | B12: =ROUND(SUM(家教課程明細!$O$2:$O$3020)/COUNT(家教課程明細!$A$2:$A$3020),0) -> 9866
A14: 依扣款別統計
A15: 扣款別 | B15: 筆數 | C15: 實際金額 | D15: 金額占比
A16: 現金 | B16: =COUNTIF(家教課程明細!$L$2:$L$3020,"現金") -> 2684 | C16: =SUMIF(家教課程明細!$L$2:$L$3020,"現金",家教課程明細!$O$2:$O$3020) -> 26440909 | D16: =IF($C$16=0,0,$C$16/$C$20) -> 0.88768448
A17: 刷卡 | B17: =COUNTIF(家教課程明細!$L$2:$L$3020,"刷卡") -> 71 | C17: =SUMIF(家教課程明細!$L$2:$L$3020,"刷卡",家教課程明細!$O$2:$O$3020) -> 604710 | D17: =IF($C$17=0,0,$C$17/$C$20) -> 0.020301559
A18: 其他 | B18: =COUNTIF(家教課程明細!$L$2:$L$3020,"其他") -> 264 | C18: =SUMIF(家教課程明細!$L$2:$L$3020,"其他",家教課程明細!$O$2:$O$3020) -> 2740763 | D18: =IF($C$18=0,0,$C$18/$C$20) -> 0.092013961
A19: 儲值扣款 | B19: =COUNTIF(家教課程明細!$L$2:$L$3020,"儲值扣款") -> 0 | C19: =SUMIF(家教課程明細!$L$2:$L$3020,"儲值扣款",家教課程明細!$O$2:$O$3020) -> 0 | D19: =IF($C$19=0,0,$C$19/$C$20) -> 0
A20: 合計 | B20: =SUM($B$16:$B$19) -> 3019 | C20: =SUM($C$16:$C$19) -> 29786382 | D20: =IF($C$20=0,0,$C$20/$C$20) -> 1
A22: 依課程類別統計（依各交易第一項商品歸類）
A23: 課程類別 | B23: 筆數 | C23: 實際金額 | D23: 金額占比
A24: 1VS1 | B24: =COUNTIF(家教課程明細!$J$2:$J$3020,"1VS1") -> 1014 | C24: =SUMIF(家教課程明細!$J$2:$J$3020,"1VS1",家教課程明細!$O$2:$O$3020) -> 8571520 | D24: =IF($C$24=0,0,$C$24/$C$31) -> 0.2877664
A25: 1VS2 | B25: =COUNTIF(家教課程明細!$J$2:$J$3020,"1VS2") -> 1373 | C25: =SUMIF(家教課程明細!$J$2:$J$3020,"1VS2",家教課程明細!$O$2:$O$3020) -> 13353115 | D25: =IF($C$25=0,0,$C$25/$C$31) -> 0.44829597
A26: 1VS3 | B26: =COUNTIF(家教課程明細!$J$2:$J$3020,"1VS3") -> 397 | C26: =SUMIF(家教課程明細!$J$2:$J$3020,"1VS3",家教課程明細!$O$2:$O$3020) -> 4713562 | D26: =IF($C$26=0,0,$C$26/$C$31) -> 0.15824554
A27: 1VS4 | B27: =COUNTIF(家教課程明細!$J$2:$J$3020,"1VS4") -> 192 | C27: =SUMIF(家教課程明細!$J$2:$J$3020,"1VS4",家教課程明細!$O$2:$O$3020) -> 2549085 | D27: =IF($C$27=0,0,$C$27/$C$31) -> 0.085578873
A28: 1VS5 | B28: =COUNTIF(家教課程明細!$J$2:$J$3020,"1VS5") -> 39 | C28: =SUMIF(家教課程明細!$J$2:$J$3020,"1VS5",家教課程明細!$O$2:$O$3020) -> 525012 | D28: =IF($C$28=0,0,$C$28/$C$31) -> 0.017625907
A29: 1VS6 | B29: =COUNTIF(家教課程明細!$J$2:$J$3020,"1VS6") -> 4 | C29: =SUMIF(家教課程明細!$J$2:$J$3020,"1VS6",家教課程明細!$O$2:$O$3020) -> 74088 | D29: =IF($C$29=0,0,$C$29/$C$31) -> 0.0024873111
A30: 其他 | B30: =COUNTIF(家教課程明細!$J$2:$J$3020,"其他") -> 0 | C30: =SUMIF(家教課程明細!$J$2:$J$3020,"其他",家教課程明細!$O$2:$O$3020) -> 0 | D30: =IF($C$30=0,0,$C$30/$C$31) -> 0
A31: 合計 | B31: =SUM($B$24:$B$30) -> 3019 | C31: =SUM($C$24:$C$30) -> 29786382 | D31: =IF($C$31=0,0,$C$31/$C$31) -> 1

Sheet 家教課程明細
A1: 項次 | B1: 交易序號 | C1: 消費日期 | D1: 消費時間 | E1: 員工 | F1: 卡號 | G1: 會員姓名 | H1: 消費商品 | I1: 商品項數 | J1: 課程類別 | K1: 含試上 | L1: 扣款別 | M1: 紅利折扣 | N1: 折扣(全) | O1: 實際金額 | P1: 紅利 | Q1: 三民高中 | R1: 新北高中 | S1: 三重商工 | T1: 判斷是否有資料
A2: 1 | B2: 20260621122005010651 | C2: 46194 | D2: 12:20:05 | E2: 徐立珏 | F2: BQ115063 | G2: 徐漢潁、王允斌 | H2: 1. 家教1VS2 (20%) 1x9000 | I2: 1 | J2: 1VS2 | L2: 現金 | M2: 0 | N2: 0 | O2: 9000 | P2: 9000 | Q2: {=_xlfn.TEXTJOIN("、",TRUE,IF('學員資料-三民高中'!$B$2:$B$454=$F2,'學員資料-三民高中'!$G$2:$G$454,""))} | R2: {=_xlfn.TEXTJOIN("、",TRUE,IF('學員資料-新北高中'!$B$2:$B$583=$F2,'學員資料-新北高中'!$G$2:$G$583,""))} | S2: {=_xlfn.TEXTJOIN("、",TRUE,IF('學員資料-三重商工'!$B$2:$B$472=$F2,'學員資料-三重商工'!$G$2:$G$472,""))} -> 0986189878 | T2: =3-COUNTBLANK(Q2:S2) -> 1
A3: 2 | B3: 20260621121333010926 | C3: 46194 | D3: 12:13:33 | E3: 徐立珏 | F3: BQ115057 | G3: 張洛綾 | H3: 1. 家教1VS2 1x7500 | I3: 1 | J3: 1VS2 | L3: 現金 | M3: 0 | N3: 0 | O3: 7500 | P3: 7500 | Q3: {=_xlfn.TEXTJOIN("、",TRUE,IF('學員資料-三民高中'!$B$2:$B$454=$F3,'學員資料-三民高中'!$G$2:$G$454,""))} | R3: {=_xlfn.TEXTJOIN("、",TRUE,IF('學員資料-新北高中'!$B$2:$B$583=$F3,'學員資料-新北高中'!$G$2:$G$583,""))} | S3: {=_xlfn.TEXTJOIN("、",TRUE,IF('學員資料-三重商工'!$B$2:$B$472=$F3,'學員資料-三重商工'!$G$2:$G$472,""))} -> 0929933056 | T3: =3-COUNTBLANK(Q3:S3) -> 1
A4: 3 | B4: 20260620135011010760 | C4: 46193 | D4: 13:50:11 | E4: 葉瑋慈 | F4: BQ115062 | G4: 蔡育潔 阮偉銘 | H4: 1. 家教1VS2 (20%) 1x9000 | I4: 1 | J4: 1VS2 | L4: 其他 | M4: 0 | N4: 0 | O4: 9000 | P4: 9000 | Q4: {=_xlfn.TEXTJOIN("、",TRUE,IF('學員資料-三民高中'!$B$2:$B$454=$F4,'學員資料-三民高中'!$G$2:$G$454,""))} | R4: {=_xlfn.TEXTJOIN("、",TRUE,IF('學員資料-新北高中'!$B$2:$B$583=$F4,'學員資料-新北高中'!$G$2:$G$583,""))} -> 0911570278 | S4: {=_xlfn.TEXTJOIN("、",TRUE,IF('學員資料-三重商工'!$B$2:$B$472=$F4,'學員資料-三重商工'!$G$2:$G$472,""))} | T4: =3-COUNTBLANK(Q4:S4) -> 1
A5: 4 | B5: 20260620134733010911 | C5: 46193 | D5: 13:47:33 | E5: 葉瑋慈 | F5: BQ114132 | G5: 邱瑀昕 梁芷晴 | H5: 1. 家教1VS2 1x7500 | I5: 1 | J5: 1VS2 | L5: 其他 | M5: 0 | N5: 0 | O5: 7500 | P5: 7500 | Q5: {=_xlfn.TEXTJOIN("、",TRUE,IF('學員資料-三民高中'!$B$2:$B$454=$F5,'學員資料-三民高中'!$G$2:$G$454,""))} | R5: {=_xlfn.TEXTJOIN("、",TRUE,IF('學員資料-新北高中'!$B$2:$B$583=$F5,'學員資料-新北高中'!$G$2:$G$583,""))} | S5: {=_xlfn.TEXTJOIN("、",TRUE,IF('學員資料-三重商工'!$B$2:$B$472=$F5,'學員資料-三重商工'!$G$2:$G$472,""))} -> 0960714198 | T5: =3-COUNTBLANK(Q5:S5) -> 1
A6: 5 | B6: 20260620084333010403 | C6: 46193 | D6: 08:43:33 | E6: 葉瑋慈 | F6: AQ1141122 | G6: 吳凱恩 | H6: 1. 家教1VS1正 1x6900 | I6: 1 | J6: 1VS1 | L6: 現金 | M6: 0 | N6: 0 | O6: 6900 | P6: 6900 | Q6: {=_xlfn.TEXTJOIN("、",TRUE,IF('學員資料-三民高中'!$B$2:$B$454=$F6,'學員資料-三民高中'!$G$2:$G$454,""))} | R6: {=_xlfn.TEXTJOIN("、",TRUE,IF('學員資料-新北高中'!$B$2:$B$583=$F6,'學員資料-新北高中'!$G$2:$G$583,""))} -> 0932148373 | S6: {=_xlfn.TEXTJOIN("、",TRUE,IF('學員資料-三重商工'!$B$2:$B$472=$F6,'學員資料-三重商工'!$G$2:$G$472,""))} | T6: =3-COUNTBLANK(Q6:S6) -> 1
A7: 6 | B7: 20260620075155010011 | C7: 46193 | D7: 07:51:55 | E7: 葉瑋慈 | F7: BQ115061 | G7: 劉宇芯 | H7: 1. 家教1VS1正 1x6900 | I7: 1 | J7: 1VS1 | L7: 其他 | M7: 0 | N7: 0 | O7: 6900 | P7: 6900 | Q7: {=_xlfn.TEXTJOIN("、",TRUE,IF('學員資料-三民高中'!$B$2:$B$454=$F7,'學員資料-三民高中'!$G$2:$G$454,""))} | R7: {=_xlfn.TEXTJOIN("、",TRUE,IF('學員資料-新北高中'!$B$2:$B$583=$F7,'學員資料-新北高中'!$G$2:$G$583,""))} | S7: {=_xlfn.TEXTJOIN("、",TRUE,IF('學員資料-三重商工'!$B$2:$B$472=$F7,'學員資料-三重商工'!$G$2:$G$472,""))} | T7: =3-COUNTBLANK(Q7:S7) -> 0
A8: 7 | B8: 20260620074903010475 | C8: 46193 | D8: 07:49:03 | E8: 葉瑋慈 | F8: BQ115060 | G8: 廖有彬 | H8: 1. 家教1VS1正 1x6900 2. 家教1VS1正 1x6900 | I8: 2 | J8: 1VS1 | L8: 其他 | M8: 0 | N8: 0 | O8: 13800 | P8: 13800 | Q8: {=_xlfn.TEXTJOIN("、",TRUE,IF('學員資料-三民高中'!$B$2:$B$454=$F8,'學員資料-三民高中'!$G$2:$G$454,""))} | R8: {=_xlfn.TEXTJOIN("、",TRUE,IF('學員資料-新北高中'!$B$2:$B$583=$F8,'學員資料-新北高中'!$G$2:$G$583,""))} | S8: {=_xlfn.TEXTJOIN("、",TRUE,IF('學員資料-三重商工'!$B$2:$B$472=$F8,'學員資料-三重商工'!$G$2:$G$472,""))} | T8: =3-COUNTBLANK(Q8:S8) -> 0
A9: 8 | B9: 20260618202653010998 | C9: 46191 | D9: 20:26:53 | E9: 翁丞妤 | F9: CQ114236 | G9: 詹侑璁 | H9: 1. 家教1VS1正 1x6900 | I9: 1 | J9: 1VS1 | L9: 現金 | M9: 0 | N9: 0 | O9: 6900 | P9: 6900 | Q9: {=_xlfn.TEXTJOIN("、",TRUE,IF('學員資料-三民高中'!$B$2:$B$454=$F9,'學員資料-三民高中'!$G$2:$G$454,""))} -> 0926037987 | R9: {=_xlfn.TEXTJOIN("、",TRUE,IF('學員資料-新北高中'!$B$2:$B$583=$F9,'學員資料-新北高中'!$G$2:$G$583,""))} | S9: {=_xlfn.TEXTJOIN("、",TRUE,IF('學員資料-三重商工'!$B$2:$B$472=$F9,'學員資料-三重商工'!$G$2:$G$472,""))} | T9: =3-COUNTBLANK(Q9:S9) -> 1
A10: 9 | B10: 20260618201143010644 | C10: 46191 | D10: 20:11:43 | E10: 鄭琳魿 | F10: BQ115059 | G10: 陳詩⽻ | H10: 1. 家教1VS1正 1x6900 2. 家教1VS1正 1x6900 | I10: 2 | J10: 1VS1 | L10: 現金 | M10: 0 | N10: 0 | O10: 13800 | P10: 13800 | Q10: {=_xlfn.TEXTJOIN("、",TRUE,IF('學員資料-三民高中'!$B$2:$B$454=$F10,'學員資料-三民高中'!$G$2:$G$454,""))} | R10: {=_xlfn.TEXTJOIN("、",TRUE,IF('學員資料-新北高中'!$B$2:$B$583=$F10,'學員資料-新北高中'!$G$2:$G$583,""))} | S10: {=_xlfn.TEXTJOIN("、",TRUE,IF('學員資料-三重商工'!$B$2:$B$472=$F10,'學員資料-三重商工'!$G$2:$G$472,""))} -> 0976834520 | T10: =3-COUNTBLANK(Q10:S10) -> 1
A11: 10 | B11: 20260617205656010429 | C11: 46190 | D11: 20:56:56 | E11: 鄭琳魿 | F11: BQ115058 | G11: 李德揚 | H11: 1. 家教1VS1正 1x6900 | I11: 1 | J11: 1VS1 | L11: 現金 | M11: 0 | N11: 0 | O11: 6900 | P11: 6900 | Q11: {=_xlfn.TEXTJOIN("、",TRUE,IF('學員資料-三民高中'!$B$2:$B$454=$F11,'學員資料-三民高中'!$G$2:$G$454,""))} | R11: {=_xlfn.TEXTJOIN("、",TRUE,IF('學員資料-新北高中'!$B$2:$B$583=$F11,'學員資料-新北高中'!$G$2:$G$583,""))} | S11: {=_xlfn.TEXTJOIN("、",TRUE,IF('學員資料-三重商工'!$B$2:$B$472=$F11,'學員資料-三重商工'!$G$2:$G$472,""))} -> 0934020021 | T11: =3-COUNTBLANK(Q11:S11) -> 1
A12: 11 | B12: 20260616112531010621 | C12: 46189 | D12: 11:25:31 | E12: 莊尹玟 | F12: AQ1140616 | G12: 林晴川 | H12: 1. 家教1VS1正 1x6900 | I12: 1 | J12: 1VS1 | L12: 現金 | M12: 0 | N12: 0 | O12: 6900 | P12: 6900 | Q12: {=_xlfn.TEXTJOIN("、",TRUE,IF('學員資料-三民高中'!$B$2:$B$454=$F12,'學員資料-三民高中'!$G$2:$G$454,""))} | R12: {=_xlfn.TEXTJOIN("、",TRUE,IF('學員資料-新北高中'!$B$2:$B$583=$F12,'學員資料-新北高中'!$G$2:$G$583,""))} | S12: {=_xlfn.TEXTJOIN("、",TRUE,IF('學員資料-三重商工'!$B$2:$B$472=$F12,'學員資料-三重商工'!$G$2:$G$472,""))} | T12: =3-COUNTBLANK(Q12:S12) -> 0
A13: 12 | B13: 20260615184931010348 | C13: 46188 | D13: 18:49:31 | E13: 翁丞妤 | F13: CQ115148 | G13: 吳青諭 吳宇佑 | H13: 1. 家教1VS2 1x7500 2. 家教1VS2 1x7500 | I13: 2 | J13: 1VS2 | L13: 現金 | M13: 0 | N13: 0 | O13: 15000 | P13: 15000 | Q13: {=_xlfn.TEXTJOIN("、",TRUE,IF('學員資料-三民高中'!$B$2:$B$454=$F13,'學員資料-三民高中'!$G$2:$G$454,""))} -> 0931290858 | R13: {=_xlfn.TEXTJOIN("、",TRUE,IF('學員資料-新北高中'!$B$2:$B$583=$F13,'學員資料-新北高中'!$G$2:$G$583,""))} | S13: {=_xlfn.TEXTJOIN("、",TRUE,IF('學員資料-三重商工'!$B$2:$B$472=$F13,'學員資料-三重商工'!$G$2:$G$472,""))} | T13: =3-COUNTBLANK(Q13:S13) -> 1
... A16: 15 | B16: 20260615150506010371 | C16: 46188 | D16: 15:05:06 | E16: 鄭琳魿 | F16: BQ115040 | G16: 張景祥 | H16: 1. 家教1VS1 (20%) 1x8280 | I16: 1 | J16: 1VS1 | L16: 現金 | M16: 0 | N16: 0 | O16: 8280 | P16: 8280 | Q16: {=_xlfn.TEXTJOIN("、",TRUE,IF('學員資料-三民高中'!$B$2:$B$454=$F16,'學員資料-三民高中'!$G$2:$G$454,""))} | R16: {=_xlfn.TEXTJOIN("、",TRUE,IF('學員資料-新北高中'!$B$2:$B$583=$F16,'學員資料-新北高中'!$G$2:$G$583,""))} | S16: {=_xlfn.TEXTJOIN("、",TRUE,IF('學員資料-三重商工'!$B$2:$B$472=$F16,'學員資料-三重商工'!$G$2:$G$472,""))} -> 0958934004 | T16: =3-COUNTBLANK(Q16:S16) -> 1
A17: 16 | B17: 20260614163734010245 | C17: 46187 | D17: 16:37:34 | E17: 翁丞妤 | F17: BQ115057 | G17: 張洛綾 | H17: 1. 【試上】家教1VS2 1x1400 | I17: 1 | J17: 1VS2 | K17: 是 | L17: 現金 | M17: 0 | N17: 0 | O17: 1400 | P17: 1400 | Q17: {=_xlfn.TEXTJOIN("、",TRUE,IF('學員資料-三民高中'!$B$2:$B$454=$F17,'學員資料-三民高中'!$G$2:$G$454,""))} | R17: {=_xlfn.TEXTJOIN("、",TRUE,IF('學員資料-新北高中'!$B$2:$B$583=$F17,'學員資料-新北高中'!$G$2:$G$583,""))} | S17: {=_xlfn.TEXTJOIN("、",TRUE,IF('學員資料-三重商工'!$B$2:$B$472=$F17,'學員資料-三重商工'!$G$2:$G$472,""))} -> 0929933056 | T17: =3-COUNTBLANK(Q17:S17) -> 1
A18: 17 | B18: 20260614162139010577 | C18: 46187 | D18: 16:21:39 | E18: 翁丞妤 | F18: BQ115056 | G18: 林宜閒 林湘品 | H18: 1. 【試上】家教1VS2 (20%) 1x1680 | I18: 1 | J18: 1VS2 | K18: 是 | L18: 現金 | M18: 0 | N18: 0 | O18: 1680 | P18: 1680 | Q18: {=_xlfn.TEXTJOIN("、",TRUE,IF('學員資料-三民高中'!$B$2:$B$454=$F18,'學員資料-三民高中'!$G$2:$G$454,""))} | R18: {=_xlfn.TEXTJOIN("、",TRUE,IF('學員資料-新北高中'!$B$2:$B$583=$F18,'學員資料-新北高中'!$G$2:$G$583,""))} | S18: {=_xlfn.TEXTJOIN("、",TRUE,IF('學員資料-三重商工'!$B$2:$B$472=$F18,'學員資料-三重商工'!$G$2:$G$472,""))} -> 0965313230 | T18: =3-COUNTBLANK(Q18:S18) -> 1
A19: 18 | B19: 20260614161256010596 | C19: 46187 | D19: 16:12:56 | E19: 翁丞妤 | F19: BQ115053 | G19: 蔡東樺.蔡曜安.蔡曜⽻.蔡雨芯 | H19: 1. 家教1VS4 (20%) 1x14400 | I19: 1 | J19: 1VS4 | L19: 現金 | M19: 0 | N19: 0 | O19: 14400 | P19: 14400 | Q19: {=_xlfn.TEXTJOIN("、",TRUE,IF('學員資料-三民高中'!$B$2:$B$454=$F19,'學員資料-三民高中'!$G$2:$G$454,""))} | R19: {=_xlfn.TEXTJOIN("、",TRUE,IF('學員資料-新北高中'!$B$2:$B$583=$F19,'學員資料-新北高中'!$G$2:$G$583,""))} | S19: {=_xlfn.TEXTJOIN("、",TRUE,IF('學員資料-三重商工'!$B$2:$B$472=$F19,'學員資料-三重商工'!$G$2:$G$472,""))} -> 0926227506 | T19: =3-COUNTBLANK(Q19:S19) -> 1
A20: 19 | B20: 20260614141552010907 | C20: 46187 | D20: 14:15:52 | E20: 許雅雯 | F20: CQ114292 | G20: 賴彥誠.陳彩婕.詹佩螢 | H20: 1. 家教1VS3 1x9900 | I20: 1 | J20: 1VS3 | L20: 其他 | M20: 0 | N20: 0 | O20: 9900 | P20: 9900 | Q20: {=_xlfn.TEXTJOIN("、",TRUE,IF('學員資料-三民高中'!$B$2:$B$454=$F20,'學員資料-三民高中'!$G$2:$G$454,""))} -> 0989648031 | R20: {=_xlfn.TEXTJOIN("、",TRUE,IF('學員資料-新北高中'!$B$2:$B$583=$F20,'學員資料-新北高中'!$G$2:$G$583,""))} | S20: {=_xlfn.TEXTJOIN("、",TRUE,IF('學員資料-三重商工'!$B$2:$B$472=$F20,'學員資料-三重商工'!$G$2:$G$472,""))} | T20: =3-COUNTBLANK(Q20:S20) -> 1
A21: 20 | B21: 20260614132308010890 | C21: 46187 | D21: 13:23:08 | E21: 許雅雯 | F21: CQ115426 | G21: 季蔚帆.林宇桓 | H21: 1. 家教1VS2 1x7500 | I21: 1 | J21: 1VS2 | L21: 其他 | M21: 0 | N21: 0 | O21: 7500 | P21: 7500 | Q21: {=_xlfn.TEXTJOIN("、",TRUE,IF('學員資料-三民高中'!$B$2:$B$454=$F21,'學員資料-三民高中'!$G$2:$G$454,""))} -> 0918732834 | R21: {=_xlfn.TEXTJOIN("、",TRUE,IF('學員資料-新北高中'!$B$2:$B$583=$F21,'學員資料-新北高中'!$G$2:$G$583,""))} | S21: {=_xlfn.TEXTJOIN("、",TRUE,IF('學員資料-三重商工'!$B$2:$B$472=$F21,'學員資料-三重商工'!$G$2:$G$472,""))} | T21: =3-COUNTBLANK(Q21:S21) -> 1
A22: 21 | B22: 20260614131023010523 | C22: 46187 | D22: 13:10:23 | E22: 徐立珏 | F22: BQ113304 | G22: 楊沁瑜 | H22: 1. 家教1VS1 (20%) 1x8280 | I22: 1 | J22: 1VS1 | L22: 現金 | M22: 0 | N22: 0 | O22: 8280 | P22: 8280 | Q22: {=_xlfn.TEXTJOIN("、",TRUE,IF('學員資料-三民高中'!$B$2:$B$454=$F22,'學員資料-三民高中'!$G$2:$G$454,""))} | R22: {=_xlfn.TEXTJOIN("、",TRUE,IF('學員資料-新北高中'!$B$2:$B$583=$F22,'學員資料-新北高中'!$G$2:$G$583,""))} | S22: {=_xlfn.TEXTJOIN("、",TRUE,IF('學員資料-三重商工'!$B$2:$B$472=$F22,'學員資料-三重商工'!$G$2:$G$472,""))} -> 0910859275 | T22: =3-COUNTBLANK(Q22:S22) -> 1
A23: 22 | B23: 20260613172022010124 | C23: 46186 | D23: 17:20:22 | E23: 徐立珏 | F23: CQ114352 | G23: 賴欣葦 蘇宥宇 | H23: 1. 家教1VS2 1x7500 | I23: 1 | J23: 1VS2 | L23: 現金 | M23: 0 | N23: -750 | O23: 6750 | P23: 6750 | Q23: {=_xlfn.TEXTJOIN("、",TRUE,IF('學員資料-三民高中'!$B$2:$B$454=$F23,'學員資料-三民高中'!$G$2:$G$454,""))} -> 0937147856-1 | R23: {=_xlfn.TEXTJOIN("、",TRUE,IF('學員資料-新北高中'!$B$2:$B$583=$F23,'學員資料-新北高中'!$G$2:$G$583,""))} | S23: {=_xlfn.TEXTJOIN("、",TRUE,IF('學員資料-三重商工'!$B$2:$B$472=$F23,'學員資料-三重商工'!$G$2:$G$472,""))} | T23: =3-COUNTBLANK(Q23:S23) -> 1
A24: 23 | B24: 20260613162737010217 | C24: 46186 | D24: 16:27:37 | E24: 徐立珏 | F24: BQ115055 | G24: 黃禹嫣 黃翊恆 | H24: 1. 【試上】家教1VS2 1x1400 | I24: 1 | J24: 1VS2 | K24: 是 | L24: 現金 | M24: 0 | N24: 0 | O24: 1400 | P24: 1400 | Q24: {=_xlfn.TEXTJOIN("、",TRUE,IF('學員資料-三民高中'!$B$2:$B$454=$F24,'學員資料-三民高中'!$G$2:$G$454,""))} | R24: {=_xlfn.TEXTJOIN("、",TRUE,IF('學員資料-新北高中'!$B$2:$B$583=$F24,'學員資料-新北高中'!$G$2:$G$583,""))} | S24: {=_xlfn.TEXTJOIN("、",TRUE,IF('學員資料-三重商工'!$B$2:$B$472=$F24,'學員資料-三重商工'!$G$2:$G$472,""))} -> 0921845258 | T24: =3-COUNTBLANK(Q24:S24) -> 1
A25: 24 | B25: 20260613162711010977 | C25: 46186 | D25: 16:27:11 | E25: 葉瑋慈 | F25: AQ113272 | G25: 許翔宇 | H25: 1. 家教1VS1 (20%) 1x8280 | I25: 1 | J25: 1VS1 | L25: 其他 | M25: 0 | N25: -3312 | O25: 4968 | P25: 4968 | Q25: {=_xlfn.TEXTJOIN("、",TRUE,IF('學員資料-三民高中'!$B$2:$B$454=$F25,'學員資料-三民高中'!$G$2:$G$454,""))} | R25: {=_xlfn.TEXTJOIN("、",TRUE,IF('學員資料-新北高中'!$B$2:$B$583=$F25,'學員資料-新北高中'!$G$2:$G$583,""))} -> 0955977624 | S25: {=_xlfn.TEXTJOIN("、",TRUE,IF('學員資料-三重商工'!$B$2:$B$472=$F25,'學員資料-三重商工'!$G$2:$G$472,""))} | T25: =3-COUNTBLANK(Q25:S25) -> 1
A26: 25 | B26: 20260613162536010989 | C26: 46186 | D26: 16:25:36 | E26: 葉瑋慈 | F26: AQ115061 | G26: 許嘉⽂ | H26: 1. 家教1VS1 (20%) 1x8280 | I26: 1 | J26: 1VS1 | L26: 其他 | M26: 0 | N26: -3312 | O26: 4968 | P26: 4968 | Q26: {=_xlfn.TEXTJOIN("、",TRUE,IF('學員資料-三民高中'!$B$2:$B$454=$F26,'學員資料-三民高中'!$G$2:$G$454,""))} | R26: {=_xlfn.TEXTJOIN("、",TRUE,IF('學員資料-新北高中'!$B$2:$B$583=$F26,'學員資料-新北高中'!$G$2:$G$583,""))} | S26: {=_xlfn.TEXTJOIN("、",TRUE,IF('學員資料-三重商工'!$B$2:$B$472=$F26,'學員資料-三重商工'!$G$2:$G$472,""))} | T26: =3-COUNTBLANK(Q26:S26) -> 0
A27: 26 | B27: 20260613161510010705 | C27: 46186 | D27: 16:15:10 | E27: 葉瑋慈 | F27: AQ114125 | G27: 蘇重寧 蘇重燁 | H27: 1. 家教1VS2 (20%) 1x9000 | I27: 1 | J27: 1VS2 | L27: 其他 | M27: 0 | N27: 0 | O27: 9000 | P27: 9000 | Q27: {=_xlfn.TEXTJOIN("、",TRUE,IF('學員資料-三民高中'!$B$2:$B$454=$F27,'學員資料-三民高中'!$G$2:$G$454,""))} | R27: {=_xlfn.TEXTJOIN("、",TRUE,IF('學員資料-新北高中'!$B$2:$B$583=$F27,'學員資料-新北高中'!$G$2:$G$583,""))} -> 0911338706-1 | S27: {=_xlfn.TEXTJOIN("、",TRUE,IF('學員資料-三重商工'!$B$2:$B$472=$F27,'學員資料-三重商工'!$G$2:$G$472,""))} | T27: =3-COUNTBLANK(Q27:S27) -> 1
A28: 27 | B28: 20260613104612010034 | C28: 46186 | D28: 10:46:12 | E28: 莊柏彥 | F28: AQ11402001 | G28: 吳奕威.吳宜珊 | H28: 1. 家教1VS2 1x7500 2. 家教1VS2 1x7500 | I28: 2 | J28: 1VS2 | L28: 現金 | M28: 0 | N28: 0 | O28: 15000 | P28: 15000 | Q28: {=_xlfn.TEXTJOIN("、",TRUE,IF('學員資料-三民高中'!$B$2:$B$454=$F28,'學員資料-三民高中'!$G$2:$G$454,""))} | R28: {=_xlfn.TEXTJOIN("、",TRUE,IF('學員資料-新北高中'!$B$2:$B$583=$F28,'學員資料-新北高中'!$G$2:$G$583,""))} -> 0958631638 | S28: {=_xlfn.TEXTJOIN("、",TRUE,IF('學員資料-三重商工'!$B$2:$B$472=$F28,'學員資料-三重商工'!$G$2:$G$472,""))} | T28: =3-COUNTBLANK(Q28:S28) -> 1
A29: 28 | B29: 20260612183224010257 | C29: 46185 | D29: 18:32:24 | E29: 鄭琳魿 | F29: BQ111083 | G29: 元永翔.元永叡 | H29: 1. 家教1VS2 (20%) 1x9000 | I29: 1 | J29: 1VS2 | L29: 現金 | M29: 0 | N29: 0 | O29: 9000 | P29: 9000 | Q29: {=_xlfn.TEXTJOIN("、",TRUE,IF('學員資料-三民高中'!$B$2:$B$454=$F29,'學員資料-三民高中'!$G$2:$G$454,""))} | R29: {=_xlfn.TEXTJOIN("、",TRUE,IF('學員資料-新北高中'!$B$2:$B$583=$F29,'學員資料-新北高中'!$G$2:$G$583,""))} | S29: {=_xlfn.TEXTJOIN("、",TRUE,IF('學員資料-三重商工'!$B$2:$B$472=$F29,'學員資料-三重商工'!$G$2:$G$472,""))} -> 0913222254 | T29: =3-COUNTBLANK(Q29:S29) -> 1
A30: 29 | B30: 20260612171356010834 | C30: 46185 | D30: 17:13:56 | E30: 陳歆毓 | F30: CQ115145 | G30: 陳品匡 | H30: 1. 家教1VS1正 1x6900 | I30: 1 | J30: 1VS1 | L30: 現金 | M30: 0 | N30: 0 | O30: 6900 | P30: 6900 | Q30: {=_xlfn.TEXTJOIN("、",TRUE,IF('學員資料-三民高中'!$B$2:$B$454=$F30,'學員資料-三民高中'!$G$2:$G$454,""))} | R30: {=_xlfn.TEXTJOIN("、",TRUE,IF('學員資料-新北高中'!$B$2:$B$583=$F30,'學員資料-新北高中'!$G$2:$G$583,""))} | S30: {=_xlfn.TEXTJOIN("、",TRUE,IF('學員資料-三重商工'!$B$2:$B$472=$F30,'學員資料-三重商工'!$G$2:$G$472,""))} | T30: =3-COUNTBLANK(Q30:S30) -> 0
A31: 30 | B31: 20260612171104010882 | C31: 46185 | D31: 17:11:04 | E31: 陳歆毓 | F31: CQ114180 | G31: 房思妘 房暉軒何安格 | H31: 1. 家教1VS3 1x9900 | I31: 1 | J31: 1VS3 | L31: 現金 | M31: 0 | N31: 0 | O31: 9900 | P31: 9900 | Q31: {=_xlfn.TEXTJOIN("、",TRUE,IF('學員資料-三民高中'!$B$2:$B$454=$F31,'學員資料-三民高中'!$G$2:$G$454,""))} -> 0919360553 | R31: {=_xlfn.TEXTJOIN("、",TRUE,IF('學員資料-新北高中'!$B$2:$B$583=$F31,'學員資料-新北高中'!$G$2:$G$583,""))} | S31: {=_xlfn.TEXTJOIN("、",TRUE,IF('學員資料-三重商工'!$B$2:$B$472=$F31,'學員資料-三重商工'!$G$2:$G$472,""))} | T31: =3-COUNTBLANK(Q31:S31) -> 1
A32: 31 | B32: 20260612152302010153 | C32: 46185 | D32: 15:23:02 | E32: 徐立珏 | F32: AQ11407050 | G32: 陳瑀希 陳歆蕎 | H32: 1. 家教1VS2 1x7500 | I32: 1 | J32: 1VS2 | L32: 現金 | M32: 0 | N32: 0 | O32: 7500 | P32: 7500 | Q32: {=_xlfn.TEXTJOIN("、",TRUE,IF('學員資料-三民高中'!$B$2:$B$454=$F32,'學員資料-三民高中'!$G$2:$G$454,""))} | R32: {=_xlfn.TEXTJOIN("、",TRUE,IF('學員資料-新北高中'!$B$2:$B$583=$F32,'學員資料-新北高中'!$G$2:$G$583,""))} -> 0989026921 | S32: {=_xlfn.TEXTJOIN("、",TRUE,IF('學員資料-三重商工'!$B$2:$B$472=$F32,'學員資料-三重商工'!$G$2:$G$472,""))} | T32: =3-COUNTBLANK(Q32:S32) -> 1
A33: 32 | B33: 20260611163340010814 | C33: 46184 | D33: 16:33:40 | E33: 鄭琳魿 | F33: BQ115054 | G33: 蕭萁、蕭僑 | H33: 1. 家教1VS2 1x7500 | I33: 1 | J33: 1VS2 | L33: 現金 | M33: 0 | N33: 0 | O33: 7500 | P33: 7500 | Q33: {=_xlfn.TEXTJOIN("、",TRUE,IF('學員資料-三民高中'!$B$2:$B$454=$F33,'學員資料-三民高中'!$G$2:$G$454,""))} | R33: {=_xlfn.TEXTJOIN("、",TRUE,IF('學員資料-新北高中'!$B$2:$B$583=$F33,'學員資料-新北高中'!$G$2:$G$583,""))} | S33: {=_xlfn.TEXTJOIN("、",TRUE,IF('學員資料-三重商工'!$B$2:$B$472=$F33,'學員資料-三重商工'!$G$2:$G$472,""))} -> 0910554558 | T33: =3-COUNTBLANK(Q33:S33) -> 1
A34: 33 | B34: 20260611120635010727 | C34: 46184 | D34: 12:06:35 | E34: 莊尹玟 | F34: AQ1140611 | G34: 謝修有、謝修平 | H34: 1. 家教1VS2 1x7500 | I34: 1 | J34: 1VS2 | L34: 現金 | M34: 0 | N34: 0 | O34: 7500 | P34: 7500 | Q34: {=_xlfn.TEXTJOIN("、",TRUE,IF('學員資料-三民高中'!$B$2:$B$454=$F34,'學員資料-三民高中'!$G$2:$G$454,""))} | R34: {=_xlfn.TEXTJOIN("、",TRUE,IF('學員資料-新北高中'!$B$2:$B$583=$F34,'學員資料-新北高中'!$G$2:$G$583,""))} -> 0922852004 | S34: {=_xlfn.TEXTJOIN("、",TRUE,IF('學員資料-三重商工'!$B$2:$B$472=$F34,'學員資料-三重商工'!$G$2:$G$472,""))} | T34: =3-COUNTBLANK(Q34:S34) -> 1
A35: 34 | B35: 20260610185723010474 | C35: 46183 | D35: 18:57:23 | E35: 陳歆毓 | F35: BQ115032 | G35: 黃郁惠 | H35: 1. 家教1VS1 (20%) 1x8280 | I35: 1 | J35: 1VS1 | L35: 現金 | M35: 0 | N35: 0 | O35: 8280 | P35: 8280 | Q35: {=_xlfn.TEXTJOIN("、",TRUE,IF('學員資料-三民高中'!$B$2:$B$454=$F35,'學員資料-三民高中'!$G$2:$G$454,""))} | R35: {=_xlfn.TEXTJOIN("、",TRUE,IF('學員資料-新北高中'!$B$2:$B$583=$F35,'學員資料-新北高中'!$G$2:$G$583,""))} | S35: {=_xlfn.TEXTJOIN("、",TRUE,IF('學員資料-三重商工'!$B$2:$B$472=$F35,'學員資料-三重商工'!$G$2:$G$472,""))} -> 0919450143 | T35: =3-COUNTBLANK(Q35:S35) -> 1
A36: 35 | B36: 20260610172841010223 | C36: 46183 | D36: 17:28:41 | E36: 林佳琪 | F36: AQ113149 | G36: 蔡云箴 蔡紹泉 | H36: 1. 家教1VS2 1x7500 | I36: 1 | J36: 1VS2 | L36: 其他 | M36: 0 | N36: 0 | O36: 7500 | P36: 7500 | Q36: {=_xlfn.TEXTJOIN("、",TRUE,IF('學員資料-三民高中'!$B$2:$B$454=$F36,'學員資料-三民高中'!$G$2:$G$454,""))} | R36: {=_xlfn.TEXTJOIN("、",TRUE,IF('學員資料-新北高中'!$B$2:$B$583=$F36,'學員資料-新北高中'!$G$2:$G$583,""))} -> 0932386894 | S36: {=_xlfn.TEXTJOIN("、",TRUE,IF('學員資料-三重商工'!$B$2:$B$472=$F36,'學員資料-三重商工'!$G$2:$G$472,""))} | T36: =3-COUNTBLANK(Q36:S36) -> 1
... A60: 59 | B60: 20260601204707010867 | C60: 46174 | D60: 20:47:07 | E60: 鄭琳魿 | F60: BQ115049 | G60: 林帛宇.林⽻宸 | H60: 1. 家教1VS2 1x7500 | I60: 1 | J60: 1VS2 | L60: 現金 | M60: 0 | N60: -3000 | O60: 4500 | P60: 4500 | Q60: {=_xlfn.TEXTJOIN("、",TRUE,IF('學員資料-三民高中'!$B$2:$B$454=$F60,'學員資料-三民高中'!$G$2:$G$454,""))} | R60: {=_xlfn.TEXTJOIN("、",TRUE,IF('學員資料-新北高中'!$B$2:$B$583=$F60,'學員資料-新北高中'!$G$2:$G$583,""))} | S60: {=_xlfn.TEXTJOIN("、",TRUE,IF('學員資料-三重商工'!$B$2:$B$472=$F60,'學員資料-三重商工'!$G$2:$G$472,""))} -> 0933107597 | T60: =3-COUNTBLANK(Q60:S60) -> 1
A61: 60 | B61: 20260601204428010388 | C61: 46174 | D61: 20:44:28 | E61: 鄭琳魿 | F61: BQ115049 | G61: 林帛宇.林⽻宸 | H61: 1. 【試上】家教1VS2 1x1400 | I61: 1 | J61: 1VS2 | K61: 是 | L61: 現金 | M61: 0 | N61: -560 | O61: 840 | P61: 840 | Q61: {=_xlfn.TEXTJOIN("、",TRUE,IF('學員資料-三民高中'!$B$2:$B$454=$F61,'學員資料-三民高中'!$G$2:$G$454,""))} | R61: {=_xlfn.TEXTJOIN("、",TRUE,IF('學員資料-新北高中'!$B$2:$B$583=$F61,'學員資料-新北高中'!$G$2:$G$583,""))} | S61: {=_xlfn.TEXTJOIN("、",TRUE,IF('學員資料-三重商工'!$B$2:$B$472=$F61,'學員資料-三重商工'!$G$2:$G$472,""))} -> 0933107597 | T61: =3-COUNTBLANK(Q61:S61) -> 1
A62: 61 | B62: 20260601202941010989 | C62: 46174 | D62: 20:29:41 | E62: 翁丞妤 | F62: CQ113482 | G62: 鐘昊軒 鍾亦涵 | H62: 1. 家教1VS2 1x7500 | I62: 1 | J62: 1VS2 | L62: 現金 | M62: 0 | N62: 0 | O62: 7500 | P62: 7500 | Q62: {=_xlfn.TEXTJOIN("、",TRUE,IF('學員資料-三民高中'!$B$2:$B$454=$F62,'學員資料-三民高中'!$G$2:$G$454,""))} -> 0956558987 | R62: {=_xlfn.TEXTJOIN("、",TRUE,IF('學員資料-新北高中'!$B$2:$B$583=$F62,'學員資料-新北高中'!$G$2:$G$583,""))} | S62: {=_xlfn.TEXTJOIN("、",TRUE,IF('學員資料-三重商工'!$B$2:$B$472=$F62,'學員資料-三重商工'!$G$2:$G$472,""))} | T62: =3-COUNTBLANK(Q62:S62) -> 1
A63: 62 | B63: 20260601195402010312 | C63: 46174 | D63: 19:54:02 | E63: 翁丞妤 | F63: CQ115134 | G63: 廖翌昂 廖翌晴 | H63: 1. 家教1VS2 (20%) 1x9000 | I63: 1 | J63: 1VS2 | L63: 現金 | M63: 0 | N63: 0 | O63: 9000 | P63: 9000 | Q63: {=_xlfn.TEXTJOIN("、",TRUE,IF('學員資料-三民高中'!$B$2:$B$454=$F63,'學員資料-三民高中'!$G$2:$G$454,""))} | R63: {=_xlfn.TEXTJOIN("、",TRUE,IF('學員資料-新北高中'!$B$2:$B$583=$F63,'學員資料-新北高中'!$G$2:$G$583,""))} -> 0920191619-1 | S63: {=_xlfn.TEXTJOIN("、",TRUE,IF('學員資料-三重商工'!$B$2:$B$472=$F63,'學員資料-三重商工'!$G$2:$G$472,""))} | T63: =3-COUNTBLANK(Q63:S63) -> 1
A64: 63 | B64: 20260531194304010787 | C64: 46173 | D64: 19:43:04 | E64: 翁丞妤 | F64: AQ115531 | G64: 陳旼.余鎧婕.余宥安 | H64: 1. 家教1VS3 1x9900 | I64: 1 | J64: 1VS3 | L64: 現金 | M64: 0 | N64: 0 | O64: 9900 | P64: 9900 | Q64: {=_xlfn.TEXTJOIN("、",TRUE,IF('學員資料-三民高中'!$B$2:$B$454=$F64,'學員資料-三民高中'!$G$2:$G$454,""))} | R64: {=_xlfn.TEXTJOIN("、",TRUE,IF('學員資料-新北高中'!$B$2:$B$583=$F64,'學員資料-新北高中'!$G$2:$G$583,""))} -> 0919222678 | S64: {=_xlfn.TEXTJOIN("、",TRUE,IF('學員資料-三重商工'!$B$2:$B$472=$F64,'學員資料-三重商工'!$G$2:$G$472,""))} | T64: =3-COUNTBLANK(Q64:S64) -> 1
A65: 64 | B65: 20260531155707010005 | C65: 46173 | D65: 15:57:07 | E65: 葉瑋慈 | F65: BQ115048 | G65: 蘇珈語 蘇敬恩 | H65: 1. 【試上】家教1VS2 (20%) 1x1680 | I65: 1 | J65: 1VS2 | K65: 是 | L65: 現金 | M65: 0 | N65: 0 | O65: 1680 | P65: 1680 | Q65: {=_xlfn.TEXTJOIN("、",TRUE,IF('學員資料-三民高中'!$B$2:$B$454=$F65,'學員資料-三民高中'!$G$2:$G$454,""))} | R65: {=_xlfn.TEXTJOIN("、",TRUE,IF('學員資料-新北高中'!$B$2:$B$583=$F65,'學員資料-新北高中'!$G$2:$G$583,""))} | S65: {=_xlfn.TEXTJOIN("、",TRUE,IF('學員資料-三重商工'!$B$2:$B$472=$F65,'學員資料-三重商工'!$G$2:$G$472,""))} -> 0912915912 | T65: =3-COUNTBLANK(Q65:S65) -> 1
A66: 65 | B66: 20260531110649010536 | C66: 46173 | D66: 11:06:49 | E66: 莊柏彥 | F66: AQ114080 | G66: 王愷鑫 王星陽 | H66: 1. 家教1VS2 1x7500 | I66: 1 | J66: 1VS2 | L66: 現金 | M66: 0 | N66: -150 | O66: 7350 | P66: 7350 | Q66: {=_xlfn.TEXTJOIN("、",TRUE,IF('學員資料-三民高中'!$B$2:$B$454=$F66,'學員資料-三民高中'!$G$2:$G$454,""))} | R66: {=_xlfn.TEXTJOIN("、",TRUE,IF('學員資料-新北高中'!$B$2:$B$583=$F66,'學員資料-新北高中'!$G$2:$G$583,""))} -> 0980465708-1 | S66: {=_xlfn.TEXTJOIN("、",TRUE,IF('學員資料-三重商工'!$B$2:$B$472=$F66,'學員資料-三重商工'!$G$2:$G$472,""))} | T66: =3-COUNTBLANK(Q66:S66) -> 1
A67: 66 | B67: 20260530153351010090 | C67: 46172 | D67: 15:33:51 | E67: 徐立珏 | F67: BQ115023 | G67: 張芯寧.陳芷伃 | H67: 1. 家教1VS2 1x7500 | I67: 1 | J67: 1VS2 | L67: 現金 | M67: 0 | N67: -750 | O67: 6750 | P67: 6750 | Q67: {=_xlfn.TEXTJOIN("、",TRUE,IF('學員資料-三民高中'!$B$2:$B$454=$F67,'學員資料-三民高中'!$G$2:$G$454,""))} | R67: {=_xlfn.TEXTJOIN("、",TRUE,IF('學員資料-新北高中'!$B$2:$B$583=$F67,'學員資料-新北高中'!$G$2:$G$583,""))} | S67: {=_xlfn.TEXTJOIN("、",TRUE,IF('學員資料-三重商工'!$B$2:$B$472=$F67,'學員資料-三重商工'!$G$2:$G$472,""))} -> 0988628657 | T67: =3-COUNTBLANK(Q67:S67) -> 1
A68: 67 | B68: 20260530151927010011 | C68: 46172 | D68: 15:19:27 | E68: 徐立珏 | F68: BQ114156 | G68: 林沂潔 林沂萱汪愉珊 林柏良 | H68: 1. 家教1VS4 1x12000 | I68: 1 | J68: 1VS4 | L68: 現金 | M68: 0 | N68: 0 | O68: 12000 | P68: 12000 | Q68: {=_xlfn.TEXTJOIN("、",TRUE,IF('學員資料-三民高中'!$B$2:$B$454=$F68,'學員資料-三民高中'!$G$2:$G$454,""))} | R68: {=_xlfn.TEXTJOIN("、",TRUE,IF('學員資料-新北高中'!$B$2:$B$583=$F68,'學員資料-新北高中'!$G$2:$G$583,""))} | S68: {=_xlfn.TEXTJOIN("、",TRUE,IF('學員資料-三重商工'!$B$2:$B$472=$F68,'學員資料-三重商工'!$G$2:$G$472,""))} -> 0955812685 | T68: =3-COUNTBLANK(Q68:S68) -> 1
A69: 68 | B69: 20260530141943010224 | C69: 46172 | D69: 14:19:43 | E69: 翁丞妤 | F69: CQ115132 | G69: 劉書睿 | H69: 1. 家教1VS1正 1x6900 | I69: 1 | J69: 1VS1 | L69: 現金 | M69: 0 | N69: 0 | O69: 6900 | P69: 6900 | Q69: {=_xlfn.TEXTJOIN("、",TRUE,IF('學員資料-三民高中'!$B$2:$B$454=$F69,'學員資料-三民高中'!$G$2:$G$454,""))} | R69: {=_xlfn.TEXTJOIN("、",TRUE,IF('學員資料-新北高中'!$B$2:$B$583=$F69,'學員資料-新北高中'!$G$2:$G$583,""))} -> 0922113206 | S69: {=_xlfn.TEXTJOIN("、",TRUE,IF('學員資料-三重商工'!$B$2:$B$472=$F69,'學員資料-三重商工'!$G$2:$G$472,""))} | T69: =3-COUNTBLANK(Q69:S69) -> 1
A70: 69 | B70: 20260530141212010844 | C70: 46172 | D70: 14:12:12 | E70: 翁丞妤 | F70: CQ114320 | G70: 張庭妍 張瑀婕 | H70: 1. 家教1VS2 1x7500 | I70: 1 | J70: 1VS2 | L70: 現金 | M70: 0 | N70: 0 | O70: 7500 | P70: 7500 | Q70: {=_xlfn.TEXTJOIN("、",TRUE,IF('學員資料-三民高中'!$B$2:$B$454=$F70,'學員資料-三民高中'!$G$2:$G$454,""))} -> 0922250325 | R70: {=_xlfn.TEXTJOIN("、",TRUE,IF('學員資料-新北高中'!$B$2:$B$583=$F70,'學員資料-新北高中'!$G$2:$G$583,""))} | S70: {=_xlfn.TEXTJOIN("、",TRUE,IF('學員資料-三重商工'!$B$2:$B$472=$F70,'學員資料-三重商工'!$G$2:$G$472,""))} | T70: =3-COUNTBLANK(Q70:S70) -> 1
A71: 70 | B71: 20260530135604010902 | C71: 46172 | D71: 13:56:04 | E71: 翁丞妤 | F71: CQ115122 | G71: 李斯恩 | H71: 1. 家教1VS1正 1x6900 | I71: 1 | J71: 1VS1 | L71: 現金 | M71: 0 | N71: 0 | O71: 6900 | P71: 6900 | Q71: {=_xlfn.TEXTJOIN("、",TRUE,IF('學員資料-三民高中'!$B$2:$B$454=$F71,'學員資料-三民高中'!$G$2:$G$454,""))} -> 0958855953 | R71: {=_xlfn.TEXTJOIN("、",TRUE,IF('學員資料-新北高中'!$B$2:$B$583=$F71,'學員資料-新北高中'!$G$2:$G$583,""))} | S71: {=_xlfn.TEXTJOIN("、",TRUE,IF('學員資料-三重商工'!$B$2:$B$472=$F71,'學員資料-三重商工'!$G$2:$G$472,""))} | T71: =3-COUNTBLANK(Q71:S71) -> 1
A72: 71 | B72: 20260530135114010022 | C72: 46172 | D72: 13:51:14 | E72: 翁丞妤 | F72: CQ115129 | G72: 吳少宇 吳少凱 | H72: 1. 家教1VS2 1x7500 | I72: 1 | J72: 1VS2 | L72: 現金 | M72: 0 | N72: 0 | O72: 7500 | P72: 7500 | Q72: {=_xlfn.TEXTJOIN("、",TRUE,IF('學員資料-三民高中'!$B$2:$B$454=$F72,'學員資料-三民高中'!$G$2:$G$454,""))} | R72: {=_xlfn.TEXTJOIN("、",TRUE,IF('學員資料-新北高中'!$B$2:$B$583=$F72,'學員資料-新北高中'!$G$2:$G$583,""))} -> 0963082598 | S72: {=_xlfn.TEXTJOIN("、",TRUE,IF('學員資料-三重商工'!$B$2:$B$472=$F72,'學員資料-三重商工'!$G$2:$G$472,""))} | T72: =3-COUNTBLANK(Q72:S72) -> 1
A73: 72 | B73: 20260530134645010553 | C73: 46172 | D73: 13:46:45 | E73: 翁丞妤 | F73: CQ115016 | G73: 李昆翰 | H73: 1. 家教1VS1正 1x6900 | I73: 1 | J73: 1VS1 | L73: 現金 | M73: 0 | N73: 0 | O73: 6900 | P73: 6900 | Q73: {=_xlfn.TEXTJOIN("、",TRUE,IF('學員資料-三民高中'!$B$2:$B$454=$F73,'學員資料-三民高中'!$G$2:$G$454,""))} -> 0979042645 | R73: {=_xlfn.TEXTJOIN("、",TRUE,IF('學員資料-新北高中'!$B$2:$B$583=$F73,'學員資料-新北高中'!$G$2:$G$583,""))} | S73: {=_xlfn.TEXTJOIN("、",TRUE,IF('學員資料-三重商工'!$B$2:$B$472=$F73,'學員資料-三重商工'!$G$2:$G$472,""))} | T73: =3-COUNTBLANK(Q73:S73) -> 1
A74: 73 | B74: 20260529175233010478 | C74: 46171 | D74: 17:52:33 | E74: 翁丞妤 | F74: CQ115126 | G74: 謝永承 謝鎮鑫 | H74: 1. 家教1VS2 1x7500 | I74: 1 | J74: 1VS2 | L74: 現金 | M74: 0 | N74: 0 | O74: 7500 | P74: 7500 | Q74: {=_xlfn.TEXTJOIN("、",TRUE,IF('學員資料-三民高中'!$B$2:$B$454=$F74,'學員資料-三民高中'!$G$2:$G$454,""))} -> 0911202735 | R74: {=_xlfn.TEXTJOIN("、",TRUE,IF('學員資料-新北高中'!$B$2:$B$583=$F74,'學員資料-新北高中'!$G$2:$G$583,""))} | S74: {=_xlfn.TEXTJOIN("、",TRUE,IF('學員資料-三重商工'!$B$2:$B$472=$F74,'學員資料-三重商工'!$G$2:$G$472,""))} | T74: =3-COUNTBLANK(Q74:S74) -> 1
A75: 74 | B75: 20260529175040010531 | C75: 46171 | D75: 17:50:40 | E75: 翁丞妤 | F75: CQ115529 | G75: 王洛澄 鄭涵菲 | H75: 1. 家教1VS2 1x7500 | I75: 1 | J75: 1VS2 | L75: 現金 | M75: 0 | N75: 0 | O75: 7500 | P75: 7500 | Q75: {=_xlfn.TEXTJOIN("、",TRUE,IF('學員資料-三民高中'!$B$2:$B$454=$F75,'學員資料-三民高中'!$G$2:$G$454,""))} | R75: {=_xlfn.TEXTJOIN("、",TRUE,IF('學員資料-新北高中'!$B$2:$B$583=$F75,'學員資料-新北高中'!$G$2:$G$583,""))} | S75: {=_xlfn.TEXTJOIN("、",TRUE,IF('學員資料-三重商工'!$B$2:$B$472=$F75,'學員資料-三重商工'!$G$2:$G$472,""))} | T75: =3-COUNTBLANK(Q75:S75) -> 0
A76: 75 | B76: 20260529153307010102 | C76: 46171 | D76: 15:33:07 | E76: 林佳琪 | F76: AQ114017 | G76: 簡亦軒 | H76: 1. 家教1VS1正 1x6900 | I76: 1 | J76: 1VS1 | L76: 其他 | M76: 0 | N76: 0 | O76: 6900 | P76: 6900 | Q76: {=_xlfn.TEXTJOIN("、",TRUE,IF('學員資料-三民高中'!$B$2:$B$454=$F76,'學員資料-三民高中'!$G$2:$G$454,""))} | R76: {=_xlfn.TEXTJOIN("、",TRUE,IF('學員資料-新北高中'!$B$2:$B$583=$F76,'學員資料-新北高中'!$G$2:$G$583,""))} -> 0918008574 | S76: {=_xlfn.TEXTJOIN("、",TRUE,IF('學員資料-三重商工'!$B$2:$B$472=$F76,'學員資料-三重商工'!$G$2:$G$472,""))} | T76: =3-COUNTBLANK(Q76:S76) -> 1
A77: 76 | B77: 20260528185818010368 | C77: 46170 | D77: 18:58:18 | E77: 鄭琳魿 | F77: BQ115047 | G77: 劉品宏 | H77: 1. 家教1VS1 (20%) 1x8280 | I77: 1 | J77: 1VS1 | L77: 現金 | M77: 0 | N77: 0 | O77: 8280 | P77: 8280 | Q77: {=_xlfn.TEXTJOIN("、",TRUE,IF('學員資料-三民高中'!$B$2:$B$454=$F77,'學員資料-三民高中'!$G$2:$G$454,""))} | R77: {=_xlfn.TEXTJOIN("、",TRUE,IF('學員資料-新北高中'!$B$2:$B$583=$F77,'學員資料-新北高中'!$G$2:$G$583,""))} | S77: {=_xlfn.TEXTJOIN("、",TRUE,IF('學員資料-三重商工'!$B$2:$B$472=$F77,'學員資料-三重商工'!$G$2:$G$472,""))} -> 0928622223 | T77: =3-COUNTBLANK(Q77:S77) -> 1
... A85: 84 | B85: 20260526191112010132 | C85: 46168 | D85: 19:11:12 | E85: 鄭琳魿 | F85: BQ113305 | G85: 林綵霈 | H85: 1. 家教1VS1 (20%) 1x8280 | I85: 1 | J85: 1VS1 | L85: 其他 | M85: 0 | N85: -1242 | O85: 7038 | P85: 7038 | Q85: {=_xlfn.TEXTJOIN("、",TRUE,IF('學員資料-三民高中'!$B$2:$B$454=$F85,'學員資料-三民高中'!$G$2:$G$454,""))} | R85: {=_xlfn.TEXTJOIN("、",TRUE,IF('學員資料-新北高中'!$B$2:$B$583=$F85,'學員資料-新北高中'!$G$2:$G$583,""))} | S85: {=_xlfn.TEXTJOIN("、",TRUE,IF('學員資料-三重商工'!$B$2:$B$472=$F85,'學員資料-三重商工'!$G$2:$G$472,""))} -> 0920215407 | T85: =3-COUNTBLANK(Q85:S85) -> 1
A86: 85 | B86: 20260526165100010877 | C86: 46168 | D86: 16:51:00 | E86: 郭逸凡 | F86: CQ115122 | G86: 李斯恩 | H86: 1. 【試上】家教1VS1 1x1200 | I86: 1 | J86: 1VS1 | K86: 是 | L86: 現金 | M86: 0 | N86: 0 | O86: 1200 | P86: 1200 | Q86: {=_xlfn.TEXTJOIN("、",TRUE,IF('學員資料-三民高中'!$B$2:$B$454=$F86,'學員資料-三民高中'!$G$2:$G$454,""))} -> 0958855953 | R86: {=_xlfn.TEXTJOIN("、",TRUE,IF('學員資料-新北高中'!$B$2:$B$583=$F86,'學員資料-新北高中'!$G$2:$G$583,""))} | S86: {=_xlfn.TEXTJOIN("、",TRUE,IF('學員資料-三重商工'!$B$2:$B$472=$F86,'學員資料-三重商工'!$G$2:$G$472,""))} | T86: =3-COUNTBLANK(Q86:S86) -> 1
A87: 86 | B87: 20260525213400010806 | C87: 46167 | D87: 21:34:00 | E87: 潘思蒓 | F87: AQ113353 | G87: 陳俊孝.童研.童禹 | H87: 1. 家教1VS3 1x9900 2. 家教1VS3 1x9900 3. 家教1VS3 1x9900 | I87: 3 | J87: 1VS3 | L87: 現金 | M87: 0 | N87: 0 | O87: 29700 | P87: 29700 | Q87: {=_xlfn.TEXTJOIN("、",TRUE,IF('學員資料-三民高中'!$B$2:$B$454=$F87,'學員資料-三民高中'!$G$2:$G$454,""))} | R87: {=_xlfn.TEXTJOIN("、",TRUE,IF('學員資料-新北高中'!$B$2:$B$583=$F87,'學員資料-新北高中'!$G$2:$G$583,""))} -> 0921991299 | S87: {=_xlfn.TEXTJOIN("、",TRUE,IF('學員資料-三重商工'!$B$2:$B$472=$F87,'學員資料-三重商工'!$G$2:$G$472,""))} | T87: =3-COUNTBLANK(Q87:S87) -> 1
A88: 87 | B88: 20260525210508010324 | C88: 46167 | D88: 21:05:08 | E88: 翁丞妤 | F88: CQ114111 | G88: 蔡愷恩.蔡奕恩 | H88: 1. 家教1VS2 1x7500 2. 家教1VS2 1x7500 | I88: 2 | J88: 1VS2 | L88: 現金 | M88: 0 | N88: -1800 | O88: 13200 | P88: 13200 | Q88: {=_xlfn.TEXTJOIN("、",TRUE,IF('學員資料-三民高中'!$B$2:$B$454=$F88,'學員資料-三民高中'!$G$2:$G$454,""))} -> 0952262710 | R88: {=_xlfn.TEXTJOIN("、",TRUE,IF('學員資料-新北高中'!$B$2:$B$583=$F88,'學員資料-新北高中'!$G$2:$G$583,""))} | S88: {=_xlfn.TEXTJOIN("、",TRUE,IF('學員資料-三重商工'!$B$2:$B$472=$F88,'學員資料-三重商工'!$G$2:$G$472,""))} | T88: =3-COUNTBLANK(Q88:S88) -> 1
A89: 88 | B89: 20260524154904010094 | C89: 46166 | D89: 15:49:04 | E89: 許雅雯 | F89: CQ113474 | G89: 張安淇 張安妮 | H89: 1. 家教1VS2 1x7500 2. 家教1VS2 1x7500 3. 家教1VS2 1x7500 4. 家教1VS2 1x7500 5. 家教1VS2 1x7500 | I89: 5 | J89: 1VS2 | L89: 其他 | M89: 0 | N89: -3000 | O89: 34500 | P89: 34500 | Q89: {=_xlfn.TEXTJOIN("、",TRUE,IF('學員資料-三民高中'!$B$2:$B$454=$F89,'學員資料-三民高中'!$G$2:$G$454,""))} -> 0930220021-1 | R89: {=_xlfn.TEXTJOIN("、",TRUE,IF('學員資料-新北高中'!$B$2:$B$583=$F89,'學員資料-新北高中'!$G$2:$G$583,""))} | S89: {=_xlfn.TEXTJOIN("、",TRUE,IF('學員資料-三重商工'!$B$2:$B$472=$F89,'學員資料-三重商工'!$G$2:$G$472,""))} | T89: =3-COUNTBLANK(Q89:S89) -> 1
A90: 89 | B90: 20260524154717010726 | C90: 46166 | D90: 15:47:17 | E90: 許雅雯 | F90: CQ113360 | G90: 張安淇 | H90: 1. 家教1VS1正 1x6900 2. 家教1VS1正 1x6900 3. 家教1VS1正 1x6900 4. 家教1VS1正 1x6900 5. 家教1VS1正 1x6900 | I90: 5 | J90: 1VS1 | L90: 其他 | M90: 0 | N90: -2760 | O90: 31740 | P90: 31740 | Q90: {=_xlfn.TEXTJOIN("、",TRUE,IF('學員資料-三民高中'!$B$2:$B$454=$F90,'學員資料-三民高中'!$G$2:$G$454,""))} -> 0930220021 | R90: {=_xlfn.TEXTJOIN("、",TRUE,IF('學員資料-新北高中'!$B$2:$B$583=$F90,'學員資料-新北高中'!$G$2:$G$583,""))} | S90: {=_xlfn.TEXTJOIN("、",TRUE,IF('學員資料-三重商工'!$B$2:$B$472=$F90,'學員資料-三重商工'!$G$2:$G$472,""))} | T90: =3-COUNTBLANK(Q90:S90) -> 1
A91: 90 | B91: 20260524150107010288 | C91: 46166 | D91: 15:01:07 | E91: 許雅雯 | F91: CQ114366 | G91: 陳昕樂 | H91: 1. 家教1VS1正 1x6900 2. 家教1VS1正 1x6900 3. 家教1VS1正 1x6900 | I91: 3 | J91: 1VS1 | L91: 現金 | M91: 0 | N91: -828 | O91: 19872 | P91: 19872 | Q91: {=_xlfn.TEXTJOIN("、",TRUE,IF('學員資料-三民高中'!$B$2:$B$454=$F91,'學員資料-三民高中'!$G$2:$G$454,""))} -> 0975763360 | R91: {=_xlfn.TEXTJOIN("、",TRUE,IF('學員資料-新北高中'!$B$2:$B$583=$F91,'學員資料-新北高中'!$G$2:$G$583,""))} | S91: {=_xlfn.TEXTJOIN("、",TRUE,IF('學員資料-三重商工'!$B$2:$B$472=$F91,'學員資料-三重商工'!$G$2:$G$472,""))} | T91: =3-COUNTBLANK(Q91:S91) -> 1
A92: 91 | B92: 20260524140344010085 | C92: 46166 | D92: 14:03:44 | E92: 許雅雯 | F92: CQ115010 | G92: 呂晨嫣 呂沐菲 | H92: 1. 家教1VS2 1x7500 2. 家教1VS2 1x7500 | I92: 2 | J92: 1VS2 | L92: 其他 | M92: 0 | N92: -300 | O92: 14700 | P92: 14700 | Q92: {=_xlfn.TEXTJOIN("、",TRUE,IF('學員資料-三民高中'!$B$2:$B$454=$F92,'學員資料-三民高中'!$G$2:$G$454,""))} -> 0921745830 | R92: {=_xlfn.TEXTJOIN("、",TRUE,IF('學員資料-新北高中'!$B$2:$B$583=$F92,'學員資料-新北高中'!$G$2:$G$583,""))} | S92: {=_xlfn.TEXTJOIN("、",TRUE,IF('學員資料-三重商工'!$B$2:$B$472=$F92,'學員資料-三重商工'!$G$2:$G$472,""))} | T92: =3-COUNTBLANK(Q92:S92) -> 1
A93: 92 | B93: 20260524131738010683 | C93: 46166 | D93: 13:17:38 | E93: 許雅雯 | F93: CQ1140919 | G93: 陳侑均.廖冠岳.楊凱晴 | H93: 1. 家教1VS3 1x9900 | I93: 1 | J93: 1VS3 | L93: 其他 | M93: 0 | N93: 0 | O93: 9900 | P93: 9900 | Q93: {=_xlfn.TEXTJOIN("、",TRUE,IF('學員資料-三民高中'!$B$2:$B$454=$F93,'學員資料-三民高中'!$G$2:$G$454,""))} -> 0909583927 | R93: {=_xlfn.TEXTJOIN("、",TRUE,IF('學員資料-新北高中'!$B$2:$B$583=$F93,'學員資料-新北高中'!$G$2:$G$583,""))} | S93: {=_xlfn.TEXTJOIN("、",TRUE,IF('學員資料-三重商工'!$B$2:$B$472=$F93,'學員資料-三重商工'!$G$2:$G$472,""))} | T93: =3-COUNTBLANK(Q93:S93) -> 1
A94: 93 | B94: 20260524125816010312 | C94: 46166 | D94: 12:58:16 | E94: 許雅雯 | F94: CQ1131007 | G94: 黃柏睿.陳映充 | H94: 1. 家教1VS2 1x7500 2. 家教1VS2 1x7500 3. 家教1VS2 1x7500 | I94: 3 | J94: 1VS2 | L94: 其他 | M94: 0 | N94: -900 | O94: 21600 | P94: 21600 | Q94: {=_xlfn.TEXTJOIN("、",TRUE,IF('學員資料-三民高中'!$B$2:$B$454=$F94,'學員資料-三民高中'!$G$2:$G$454,""))} -> 0913597806 | R94: {=_xlfn.TEXTJOIN("、",TRUE,IF('學員資料-新北高中'!$B$2:$B$583=$F94,'學員資料-新北高中'!$G$2:$G$583,""))} | S94: {=_xlfn.TEXTJOIN("、",TRUE,IF('學員資料-三重商工'!$B$2:$B$472=$F94,'學員資料-三重商工'!$G$2:$G$472,""))} | T94: =3-COUNTBLANK(Q94:S94) -> 1
A95: 94 | B95: 20260524124757010467 | C95: 46166 | D95: 12:47:57 | E95: 許雅雯 | G95: CQ113527-1姚奕鍇 | H95: 1. 家教1VS1正 1x6900 | I95: 1 | J95: 1VS1 | L95: 其他 | M95: 0 | N95: -138 | O95: 6762 | P95: 6762 | Q95: {=_xlfn.TEXTJOIN("、",TRUE,IF('學員資料-三民高中'!$B$2:$B$454=$F95,'學員資料-三民高中'!$G$2:$G$454,""))} | R95: {=_xlfn.TEXTJOIN("、",TRUE,IF('學員資料-新北高中'!$B$2:$B$583=$F95,'學員資料-新北高中'!$G$2:$G$583,""))} | S95: {=_xlfn.TEXTJOIN("、",TRUE,IF('學員資料-三重商工'!$B$2:$B$472=$F95,'學員資料-三重商工'!$G$2:$G$472,""))} | T95: =3-COUNTBLANK(Q95:S95) -> 0
A96: 95 | B96: 20260524122620010859 | C96: 46166 | D96: 12:26:20 | E96: 徐立珏 | F96: BQ115019 | G96: 吳佳樺 | H96: 1. 家教1VS1 (20%) 1x8280 | I96: 1 | J96: 1VS1 | L96: 現金 | M96: 0 | N96: 0 | O96: 8280 | P96: 8280 | Q96: {=_xlfn.TEXTJOIN("、",TRUE,IF('學員資料-三民高中'!$B$2:$B$454=$F96,'學員資料-三民高中'!$G$2:$G$454,""))} | R96: {=_xlfn.TEXTJOIN("、",TRUE,IF('學員資料-新北高中'!$B$2:$B$583=$F96,'學員資料-新北高中'!$G$2:$G$583,""))} | S96: {=_xlfn.TEXTJOIN("、",TRUE,IF('學員資料-三重商工'!$B$2:$B$472=$F96,'學員資料-三重商工'!$G$2:$G$472,""))} -> 0934053344 | T96: =3-COUNTBLANK(Q96:S96) -> 1
A97: 96 | B97: 20260524071649010538 | C97: 46166 | D97: 07:16:49 | E97: 徐立珏 | F97: AQ113329 | G97: 吳懿祐 | H97: 1. 家教1VS1正 1x6900 2. 家教1VS1正 1x6900 3. 家教1VS1正 1x6900 | I97: 3 | J97: 1VS1 | L97: 現金 | M97: 0 | N97: 0 | O97: 20700 | P97: 20700 | Q97: {=_xlfn.TEXTJOIN("、",TRUE,IF('學員資料-三民高中'!$B$2:$B$454=$F97,'學員資料-三民高中'!$G$2:$G$454,""))} | R97: {=_xlfn.TEXTJOIN("、",TRUE,IF('學員資料-新北高中'!$B$2:$B$583=$F97,'學員資料-新北高中'!$G$2:$G$583,""))} -> 0928827113(2) | S97: {=_xlfn.TEXTJOIN("、",TRUE,IF('學員資料-三重商工'!$B$2:$B$472=$F97,'學員資料-三重商工'!$G$2:$G$472,""))} | T97: =3-COUNTBLANK(Q97:S97) -> 1
A98: 97 | B98: 20260523145526010343 | C98: 46165 | D98: 14:55:26 | E98: 翁丞妤 | F98: AQ112496 | G98: 陳妍安 陳妍均 | H98: 1. 家教1VS2 1x7500 | I98: 1 | J98: 1VS2 | L98: 現金 | M98: 0 | N98: 0 | O98: 7500 | P98: 7500 | Q98: {=_xlfn.TEXTJOIN("、",TRUE,IF('學員資料-三民高中'!$B$2:$B$454=$F98,'學員資料-三民高中'!$G$2:$G$454,""))} | R98: {=_xlfn.TEXTJOIN("、",TRUE,IF('學員資料-新北高中'!$B$2:$B$583=$F98,'學員資料-新北高中'!$G$2:$G$583,""))} | S98: {=_xlfn.TEXTJOIN("、",TRUE,IF('學員資料-三重商工'!$B$2:$B$472=$F98,'學員資料-三重商工'!$G$2:$G$472,""))} -> 0916242232 | T98: =3-COUNTBLANK(Q98:S98) -> 1
A99: 98 | B99: 20260522213137010323 | C99: 46164 | D99: 21:31:37 | E99: 翁丞妤 | F99: AQ1150522 | G99: 陳⾱君 陳甯熙陳⾱靜 | H99: 1. 家教1VS3 1x9900 | I99: 1 | J99: 1VS3 | L99: 其他 | M99: 0 | N99: -198 | O99: 9702 | P99: 9702 | Q99: {=_xlfn.TEXTJOIN("、",TRUE,IF('學員資料-三民高中'!$B$2:$B$454=$F99,'學員資料-三民高中'!$G$2:$G$454,""))} | R99: {=_xlfn.TEXTJOIN("、",TRUE,IF('學員資料-新北高中'!$B$2:$B$583=$F99,'學員資料-新北高中'!$G$2:$G$583,""))} -> 0978911931-1 | S99: {=_xlfn.TEXTJOIN("、",TRUE,IF('學員資料-三重商工'!$B$2:$B$472=$F99,'學員資料-三重商工'!$G$2:$G$472,""))} | T99: =3-COUNTBLANK(Q99:S99) -> 1
A100: 99 | B100: 20260522203801010691 | C100: 46164 | D100: 20:38:01 | E100: 陳歆毓 | F100: CQ113529 | G100: 林承勳 林宗緯 | H100: 1. 家教1VS2 1x7500 2. 家教1VS2 1x7500 3. 家教1VS2 1x7500 | I100: 3 | J100: 1VS2 | L100: 現金 | M100: 0 | N100: -900 | O100: 21600 | P100: 21600 | Q100: {=_xlfn.TEXTJOIN("、",TRUE,IF('學員資料-三民高中'!$B$2:$B$454=$F100,'學員資料-三民高中'!$G$2:$G$454,""))} -> 0930901313 | R100: {=_xlfn.TEXTJOIN("、",TRUE,IF('學員資料-新北高中'!$B$2:$B$583=$F100,'學員資料-新北高中'!$G$2:$G$583,""))} | S100: {=_xlfn.TEXTJOIN("、",TRUE,IF('學員資料-三重商工'!$B$2:$B$472=$F100,'學員資料-三重商工'!$G$2:$G$472,""))} | T100: =3-COUNTBLANK(Q100:S100) -> 1
A101: 100 | B101: 20260522202426010037 | C101: 46164 | D101: 20:24:26 | E101: 翁丞妤 | F101: AQ1140011 | G101: ⾦璽悅.⾦璽樂 | H101: 1. 家教1VS2 1x7500 | I101: 1 | J101: 1VS2 | L101: 現金 | M101: 0 | N101: -300 | O101: 7200 | P101: 7200 | Q101: {=_xlfn.TEXTJOIN("、",TRUE,IF('學員資料-三民高中'!$B$2:$B$454=$F101,'學員資料-三民高中'!$G$2:$G$454,""))} | R101: {=_xlfn.TEXTJOIN("、",TRUE,IF('學員資料-新北高中'!$B$2:$B$583=$F101,'學員資料-新北高中'!$G$2:$G$583,""))} -> 0938275670 | S101: {=_xlfn.TEXTJOIN("、",TRUE,IF('學員資料-三重商工'!$B$2:$B$472=$F101,'學員資料-三重商工'!$G$2:$G$472,""))} | T101: =3-COUNTBLANK(Q101:S101) -> 1
A102: 101 | B102: 20260522192442010313 | C102: 46164 | D102: 19:24:42 | E102: 陳歆毓 | F102: CQ115112 | G102: 翁⼦甯.李采芯 | H102: 1. 家教1VS2 1x7500 | I102: 1 | J102: 1VS2 | L102: 現金 | M102: 0 | N102: -150 | O102: 7350 | P102: 7350 | Q102: {=_xlfn.TEXTJOIN("、",TRUE,IF('學員資料-三民高中'!$B$2:$B$454=$F102,'學員資料-三民高中'!$G$2:$G$454,""))} -> 0975926988-1 | R102: {=_xlfn.TEXTJOIN("、",TRUE,IF('學員資料-新北高中'!$B$2:$B$583=$F102,'學員資料-新北高中'!$G$2:$G$583,""))} | S102: {=_xlfn.TEXTJOIN("、",TRUE,IF('學員資料-三重商工'!$B$2:$B$472=$F102,'學員資料-三重商工'!$G$2:$G$472,""))} | T102: =3-COUNTBLANK(Q102:S102) -> 1
A103: 102 | B103: 20260522191831010908 | C103: 46164 | D103: 19:18:31 | E103: 陳歆毓 | F103: CQ114253 | G103: 吳海安.吳海靜 | H103: 1. 家教1VS2 1x7500 2. 家教1VS2 1x7500 3. 家教1VS2 1x7500 | I103: 3 | J103: 1VS2 | L103: 現金 | M103: 0 | N103: -900 | O103: 21600 | P103: 21600 | Q103: {=_xlfn.TEXTJOIN("、",TRUE,IF('學員資料-三民高中'!$B$2:$B$454=$F103,'學員資料-三民高中'!$G$2:$G$454,""))} -> 0925222711 | R103: {=_xlfn.TEXTJOIN("、",TRUE,IF('學員資料-新北高中'!$B$2:$B$583=$F103,'學員資料-新北高中'!$G$2:$G$583,""))} | S103: {=_xlfn.TEXTJOIN("、",TRUE,IF('學員資料-三重商工'!$B$2:$B$472=$F103,'學員資料-三重商工'!$G$2:$G$472,""))} | T103: =3-COUNTBLANK(Q103:S103) -> 1
A104: 103 | B104: 20260522183512010496 | C104: 46164 | D104: 18:35:12 | E104: 陳歆毓 | F104: CQ115110 | G104: 周暐翰 周家佑 | H104: 1. 家教1VS2 1x7500 2. 家教1VS2 1x7500 | I104: 2 | J104: 1VS2 | L104: 現金 | M104: 0 | N104: -300 | O104: 14700 | P104: 14700 | Q104: {=_xlfn.TEXTJOIN("、",TRUE,IF('學員資料-三民高中'!$B$2:$B$454=$F104,'學員資料-三民高中'!$G$2:$G$454,""))} -> 0975398506 | R104: {=_xlfn.TEXTJOIN("、",TRUE,IF('學員資料-新北高中'!$B$2:$B$583=$F104,'學員資料-新北高中'!$G$2:$G$583,""))} | S104: {=_xlfn.TEXTJOIN("、",TRUE,IF('學員資料-三重商工'!$B$2:$B$472=$F104,'學員資料-三重商工'!$G$2:$G$472,""))} | T104: =3-COUNTBLANK(Q104:S104) -> 1
A105: 104 | B105: 20260522183233010296 | C105: 46164 | D105: 18:32:33 | E105: 陳歆毓 | F105: CQ113109 | G105: 林梓垚 黃宇程 | H105: 1. 家教1VS2 1x7500 | I105: 1 | J105: 1VS2 | L105: 現金 | M105: 0 | N105: 0 | O105: 7500 | P105: 7500 | Q105: {=_xlfn.TEXTJOIN("、",TRUE,IF('學員資料-三民高中'!$B$2:$B$454=$F105,'學員資料-三民高中'!$G$2:$G$454,""))} -> 0932235653 | R105: {=_xlfn.TEXTJOIN("、",TRUE,IF('學員資料-新北高中'!$B$2:$B$583=$F105,'學員資料-新北高中'!$G$2:$G$583,""))} | S105: {=_xlfn.TEXTJOIN("、",TRUE,IF('學員資料-三重商工'!$B$2:$B$472=$F105,'學員資料-三重商工'!$G$2:$G$472,""))} | T105: =3-COUNTBLANK(Q105:S105) -> 1
A106: 105 | B106: 20260522182808010832 | C106: 46164 | D106: 18:28:08 | E106: 陳歆毓 | F106: CQ115108 | G106: 蔡余婕 | H106: 1. 家教1VS1正 1x6900 | I106: 1 | J106: 1VS1 | L106: 現金 | M106: 0 | N106: -138 | O106: 6762 | P106: 6762 | Q106: {=_xlfn.TEXTJOIN("、",TRUE,IF('學員資料-三民高中'!$B$2:$B$454=$F106,'學員資料-三民高中'!$G$2:$G$454,""))} | R106: {=_xlfn.TEXTJOIN("、",TRUE,IF('學員資料-新北高中'!$B$2:$B$583=$F106,'學員資料-新北高中'!$G$2:$G$583,""))} | S106: {=_xlfn.TEXTJOIN("、",TRUE,IF('學員資料-三重商工'!$B$2:$B$472=$F106,'學員資料-三重商工'!$G$2:$G$472,""))} | T106: =3-COUNTBLANK(Q106:S106) -> 0
A107: 106 | B107: 20260521184738010184 | C107: 46163 | D107: 18:47:38 | E107: 鄭琳魿 | F107: BQ115044 | G107: 陳宓.楊甯伃.楊傑宇.涂翊辰 | H107: 1. 家教1VS4 1x12000 | I107: 1 | J107: 1VS4 | L107: 其他 | M107: 0 | N107: -240 | O107: 11760 | P107: 11760 | Q107: {=_xlfn.TEXTJOIN("、",TRUE,IF('學員資料-三民高中'!$B$2:$B$454=$F107,'學員資料-三民高中'!$G$2:$G$454,""))} | R107: {=_xlfn.TEXTJOIN("、",TRUE,IF('學員資料-新北高中'!$B$2:$B$583=$F107,'學員資料-新北高中'!$G$2:$G$583,""))} | S107: {=_xlfn.TEXTJOIN("、",TRUE,IF('學員資料-三重商工'!$B$2:$B$472=$F107,'學員資料-三重商工'!$G$2:$G$472,""))} -> 0921173932 | T107: =3-COUNTBLANK(Q107:S107) -> 1
... A123: 122 | B123: 20260519161626010027 | C123: 46161 | D123: 16:16:26 | E123: 鄭琳魿 | F123: BQ113262 | G123: 范炎堯 | H123: 1. 家教1VS1 (20%) 1x8280 2. 家教1VS1 (20%) 1x8280 3. 家教1VS1 (20%) 1x8280 | I123: 3 | J123: 1VS1 | L123: 其他 | M123: 0 | N123: -996 | O123: 23844 | P123: 23844 | Q123: {=_xlfn.TEXTJOIN("、",TRUE,IF('學員資料-三民高中'!$B$2:$B$454=$F123,'學員資料-三民高中'!$G$2:$G$454,""))} | R123: {=_xlfn.TEXTJOIN("、",TRUE,IF('學員資料-新北高中'!$B$2:$B$583=$F123,'學員資料-新北高中'!$G$2:$G$583,""))} | S123: {=_xlfn.TEXTJOIN("、",TRUE,IF('學員資料-三重商工'!$B$2:$B$472=$F123,'學員資料-三重商工'!$G$2:$G$472,""))} -> 0933037462 | T123: =3-COUNTBLANK(Q123:S123) -> 1
A124: 123 | B124: 20260518112956010029 | C124: 46160 | D124: 11:29:56 | E124: 徐立珏 | F124: AQ112336 | G124: 黃歆喬 黃浩峰 | H124: 1. 【試上】家教1VS2 1x1400 2. 【試上】家教1VS2 1x1400 3. 【試上】家教1VS2 1x1400 | I124: 3 | J124: 1VS2 | K124: 是 | L124: 現金 | M124: 0 | N124: 0 | O124: 4200 | P124: 4200 | Q124: {=_xlfn.TEXTJOIN("、",TRUE,IF('學員資料-三民高中'!$B$2:$B$454=$F124,'學員資料-三民高中'!$G$2:$G$454,""))} | R124: {=_xlfn.TEXTJOIN("、",TRUE,IF('學員資料-新北高中'!$B$2:$B$583=$F124,'學員資料-新北高中'!$G$2:$G$583,""))} -> 0958920567 | S124: {=_xlfn.TEXTJOIN("、",TRUE,IF('學員資料-三重商工'!$B$2:$B$472=$F124,'學員資料-三重商工'!$G$2:$G$472,""))} | T124: =3-COUNTBLANK(Q124:S124) -> 1
A125: 124 | B125: 20260517194913010997 | C125: 46159 | D125: 19:49:13 | E125: 陳歆毓 | F125: BQ115021 | G125: 廖少綸.廖少宏 | H125: 1. 家教1VS2 1x7500 2. 家教1VS2 1x7500 | I125: 2 | J125: 1VS2 | L125: 現金 | M125: 0 | N125: -300 | O125: 14700 | P125: 14700 | Q125: {=_xlfn.TEXTJOIN("、",TRUE,IF('學員資料-三民高中'!$B$2:$B$454=$F125,'學員資料-三民高中'!$G$2:$G$454,""))} | R125: {=_xlfn.TEXTJOIN("、",TRUE,IF('學員資料-新北高中'!$B$2:$B$583=$F125,'學員資料-新北高中'!$G$2:$G$583,""))} | S125: {=_xlfn.TEXTJOIN("、",TRUE,IF('學員資料-三重商工'!$B$2:$B$472=$F125,'學員資料-三重商工'!$G$2:$G$472,""))} -> 0976137092 | T125: =3-COUNTBLANK(Q125:S125) -> 1
A126: 125 | B126: 20260517170347010530 | C126: 46159 | D126: 17:03:47 | E126: 翁丞妤 | F126: AQ115517 | G126: 郭宸皓 李洛瑀 | H126: 1. 家教1VS2 1x7500 | I126: 1 | J126: 1VS2 | L126: 現金 | M126: 0 | N126: 0 | O126: 7500 | P126: 7500 | Q126: {=_xlfn.TEXTJOIN("、",TRUE,IF('學員資料-三民高中'!$B$2:$B$454=$F126,'學員資料-三民高中'!$G$2:$G$454,""))} | R126: {=_xlfn.TEXTJOIN("、",TRUE,IF('學員資料-新北高中'!$B$2:$B$583=$F126,'學員資料-新北高中'!$G$2:$G$583,""))} -> 0936852475 | S126: {=_xlfn.TEXTJOIN("、",TRUE,IF('學員資料-三重商工'!$B$2:$B$472=$F126,'學員資料-三重商工'!$G$2:$G$472,""))} | T126: =3-COUNTBLANK(Q126:S126) -> 1
A127: 126 | B127: 20260517170258010896 | C127: 46159 | D127: 17:02:58 | E127: 翁丞妤 | F127: AQ115517 | G127: 郭宸皓 李洛瑀 | H127: 1. 家教1VS2 1x7500 | I127: 1 | J127: 1VS2 | L127: 現金 | M127: 0 | N127: -300 | O127: 7200 | P127: 7200 | Q127: {=_xlfn.TEXTJOIN("、",TRUE,IF('學員資料-三民高中'!$B$2:$B$454=$F127,'學員資料-三民高中'!$G$2:$G$454,""))} | R127: {=_xlfn.TEXTJOIN("、",TRUE,IF('學員資料-新北高中'!$B$2:$B$583=$F127,'學員資料-新北高中'!$G$2:$G$583,""))} -> 0936852475 | S127: {=_xlfn.TEXTJOIN("、",TRUE,IF('學員資料-三重商工'!$B$2:$B$472=$F127,'學員資料-三重商工'!$G$2:$G$472,""))} | T127: =3-COUNTBLANK(Q127:S127) -> 1
A128: 127 | B128: 20260517120604010282 | C128: 46159 | D128: 12:06:04 | E128: 葉瑋慈 | F128: AQ112471 | G128: 楊鎧睿 楊⼦瑩 | H128: 1. 家教1VS2 1x7500 | I128: 1 | J128: 1VS2 | L128: 其他 | M128: 0 | N128: 0 | O128: 7500 | P128: 7500 | Q128: {=_xlfn.TEXTJOIN("、",TRUE,IF('學員資料-三民高中'!$B$2:$B$454=$F128,'學員資料-三民高中'!$G$2:$G$454,""))} | R128: {=_xlfn.TEXTJOIN("、",TRUE,IF('學員資料-新北高中'!$B$2:$B$583=$F128,'學員資料-新北高中'!$G$2:$G$583,""))} -> 0963296308 | S128: {=_xlfn.TEXTJOIN("、",TRUE,IF('學員資料-三重商工'!$B$2:$B$472=$F128,'學員資料-三重商工'!$G$2:$G$472,""))} | T128: =3-COUNTBLANK(Q128:S128) -> 1
A129: 128 | B129: 20260517103121010701 | C129: 46159 | D129: 10:31:21 | E129: 徐立珏 | F129: BQ115038 | G129: 陳蜜雅.陳孜語 | H129: 1. 【試上】家教1VS2 1x1400 | I129: 1 | J129: 1VS2 | K129: 是 | L129: 現金 | M129: 0 | N129: 0 | O129: 1400 | P129: 1400 | Q129: {=_xlfn.TEXTJOIN("、",TRUE,IF('學員資料-三民高中'!$B$2:$B$454=$F129,'學員資料-三民高中'!$G$2:$G$454,""))} | R129: {=_xlfn.TEXTJOIN("、",TRUE,IF('學員資料-新北高中'!$B$2:$B$583=$F129,'學員資料-新北高中'!$G$2:$G$583,""))} | S129: {=_xlfn.TEXTJOIN("、",TRUE,IF('學員資料-三重商工'!$B$2:$B$472=$F129,'學員資料-三重商工'!$G$2:$G$472,""))} -> 0911395911 | T129: =3-COUNTBLANK(Q129:S129) -> 1
A130: 129 | B130: 20260517092256010039 | C130: 46159 | D130: 09:22:56 | E130: 葉瑋慈 | F130: AQ1140724 | G130: 許晨洋/許筱㛓/廖翊崴 | H130: 1. 家教1VS3 1x9900 | I130: 1 | J130: 1VS3 | L130: 現金 | M130: 0 | N130: -3960 | O130: 5940 | P130: 5940 | Q130: {=_xlfn.TEXTJOIN("、",TRUE,IF('學員資料-三民高中'!$B$2:$B$454=$F130,'學員資料-三民高中'!$G$2:$G$454,""))} | R130: {=_xlfn.TEXTJOIN("、",TRUE,IF('學員資料-新北高中'!$B$2:$B$583=$F130,'學員資料-新北高中'!$G$2:$G$583,""))} -> 0920310727 | S130: {=_xlfn.TEXTJOIN("、",TRUE,IF('學員資料-三重商工'!$B$2:$B$472=$F130,'學員資料-三重商工'!$G$2:$G$472,""))} | T130: =3-COUNTBLANK(Q130:S130) -> 1
A131: 130 | B131: 20260516183143010826 | C131: 46158 | D131: 18:31:43 | E131: 翁丞妤 | F131: CQ114010 | G131: 賴欣葦.蘇宥宇.蘇宥嘉 | H131: 1. 家教1VS3 1x9900 | I131: 1 | J131: 1VS3 | L131: 現金 | M131: 0 | N131: -990 | O131: 8910 | P131: 8910 | Q131: {=_xlfn.TEXTJOIN("、",TRUE,IF('學員資料-三民高中'!$B$2:$B$454=$F131,'學員資料-三民高中'!$G$2:$G$454,""))} | R131: {=_xlfn.TEXTJOIN("、",TRUE,IF('學員資料-新北高中'!$B$2:$B$583=$F131,'學員資料-新北高中'!$G$2:$G$583,""))} | S131: {=_xlfn.TEXTJOIN("、",TRUE,IF('學員資料-三重商工'!$B$2:$B$472=$F131,'學員資料-三重商工'!$G$2:$G$472,""))} | T131: =3-COUNTBLANK(Q131:S131) -> 0
A132: 131 | B132: 20260516182809010145 | C132: 46158 | D132: 18:28:09 | E132: 潘思蒓 | F132: BQ115253 | G132: 謝丞富 林俋岑郭向崴 | H132: 1. 【試上】家教1VS3 1x1650 | I132: 1 | J132: 1VS3 | K132: 是 | L132: 現金 | M132: 0 | N132: 0 | O132: 1650 | P132: 1650 | Q132: {=_xlfn.TEXTJOIN("、",TRUE,IF('學員資料-三民高中'!$B$2:$B$454=$F132,'學員資料-三民高中'!$G$2:$G$454,""))} | R132: {=_xlfn.TEXTJOIN("、",TRUE,IF('學員資料-新北高中'!$B$2:$B$583=$F132,'學員資料-新北高中'!$G$2:$G$583,""))} -> 0983048732 | S132: {=_xlfn.TEXTJOIN("、",TRUE,IF('學員資料-三重商工'!$B$2:$B$472=$F132,'學員資料-三重商工'!$G$2:$G$472,""))} | T132: =3-COUNTBLANK(Q132:S132) -> 1
A133: 132 | B133: 20260516165848010162 | C133: 46158 | D133: 16:58:48 | E133: 翁丞妤 | F133: AQ113263 | G133: 林新翰 林祐辰 | H133: 1. 家教1VS2 1x7500 | I133: 1 | J133: 1VS2 | L133: 現金 | M133: 0 | N133: -900 | O133: 6600 | P133: 6600 | Q133: {=_xlfn.TEXTJOIN("、",TRUE,IF('學員資料-三民高中'!$B$2:$B$454=$F133,'學員資料-三民高中'!$G$2:$G$454,""))} | R133: {=_xlfn.TEXTJOIN("、",TRUE,IF('學員資料-新北高中'!$B$2:$B$583=$F133,'學員資料-新北高中'!$G$2:$G$583,""))} -> 0912231255 | S133: {=_xlfn.TEXTJOIN("、",TRUE,IF('學員資料-三重商工'!$B$2:$B$472=$F133,'學員資料-三重商工'!$G$2:$G$472,""))} | T133: =3-COUNTBLANK(Q133:S133) -> 1
A134: 133 | B134: 20260516165809010135 | C134: 46158 | D134: 16:58:09 | E134: 翁丞妤 | F134: AQ113263 | G134: 林新翰 林祐辰 | H134: 1. 家教1VS2 1x7500 | I134: 1 | J134: 1VS2 | L134: 現金 | M134: 0 | N134: 0 | O134: 7500 | P134: 7500 | Q134: {=_xlfn.TEXTJOIN("、",TRUE,IF('學員資料-三民高中'!$B$2:$B$454=$F134,'學員資料-三民高中'!$G$2:$G$454,""))} | R134: {=_xlfn.TEXTJOIN("、",TRUE,IF('學員資料-新北高中'!$B$2:$B$583=$F134,'學員資料-新北高中'!$G$2:$G$583,""))} -> 0912231255 | S134: {=_xlfn.TEXTJOIN("、",TRUE,IF('學員資料-三重商工'!$B$2:$B$472=$F134,'學員資料-三重商工'!$G$2:$G$472,""))} | T134: =3-COUNTBLANK(Q134:S134) -> 1
A135: 134 | B135: 20260516165727010645 | C135: 46158 | D135: 16:57:27 | E135: 翁丞妤 | F135: AQ113263 | G135: 林新翰 林祐辰 | H135: 1. 家教1VS2 1x7500 | I135: 1 | J135: 1VS2 | L135: 現金 | M135: 0 | N135: 0 | O135: 7500 | P135: 7500 | Q135: {=_xlfn.TEXTJOIN("、",TRUE,IF('學員資料-三民高中'!$B$2:$B$454=$F135,'學員資料-三民高中'!$G$2:$G$454,""))} | R135: {=_xlfn.TEXTJOIN("、",TRUE,IF('學員資料-新北高中'!$B$2:$B$583=$F135,'學員資料-新北高中'!$G$2:$G$583,""))} -> 0912231255 | S135: {=_xlfn.TEXTJOIN("、",TRUE,IF('學員資料-三重商工'!$B$2:$B$472=$F135,'學員資料-三重商工'!$G$2:$G$472,""))} | T135: =3-COUNTBLANK(Q135:S135) -> 1
A136: 135 | B136: 20260516130849010524 | C136: 46158 | D136: 13:08:49 | E136: 徐立珏 | F136: CQ114252 | G136: 陳以臻.陳柚希 | H136: 1. 家教1VS2 (20%) 1x9000 | I136: 1 | J136: 1VS2 | L136: 現金 | M136: 0 | N136: -180 | O136: 8820 | P136: 8820 | Q136: {=_xlfn.TEXTJOIN("、",TRUE,IF('學員資料-三民高中'!$B$2:$B$454=$F136,'學員資料-三民高中'!$G$2:$G$454,""))} -> 0926821102 | R136: {=_xlfn.TEXTJOIN("、",TRUE,IF('學員資料-新北高中'!$B$2:$B$583=$F136,'學員資料-新北高中'!$G$2:$G$583,""))} | S136: {=_xlfn.TEXTJOIN("、",TRUE,IF('學員資料-三重商工'!$B$2:$B$472=$F136,'學員資料-三重商工'!$G$2:$G$472,""))} | T136: =3-COUNTBLANK(Q136:S136) -> 1
A137: 136 | B137: 20260515211529010419 | C137: 46157 | D137: 21:15:29 | E137: 陳歆毓 | F137: CQ115105 | G137: 魏晨伊.郁芯.佩穎 | H137: 1. 家教1VS3 1x9900 2. 家教1VS3 1x9900 | I137: 2 | J137: 1VS3 | L137: 現金 | M137: 0 | N137: -594 | O137: 19206 | P137: 19206 | Q137: {=_xlfn.TEXTJOIN("、",TRUE,IF('學員資料-三民高中'!$B$2:$B$454=$F137,'學員資料-三民高中'!$G$2:$G$454,""))} | R137: {=_xlfn.TEXTJOIN("、",TRUE,IF('學員資料-新北高中'!$B$2:$B$583=$F137,'學員資料-新北高中'!$G$2:$G$583,""))} -> 0928424722 | S137: {=_xlfn.TEXTJOIN("、",TRUE,IF('學員資料-三重商工'!$B$2:$B$472=$F137,'學員資料-三重商工'!$G$2:$G$472,""))} | T137: =3-COUNTBLANK(Q137:S137) -> 1
A138: 137 | B138: 20260515211403010523 | C138: 46157 | D138: 21:14:03 | E138: 陳歆毓 | F138: CQ115106 | G138: 董芸熙、詹憬琰、林鼎朔、林樂頤 | H138: 1. 家教1VS4 1x12000 | I138: 1 | J138: 1VS4 | L138: 現金 | M138: 0 | N138: -240 | O138: 11760 | P138: 11760 | Q138: {=_xlfn.TEXTJOIN("、",TRUE,IF('學員資料-三民高中'!$B$2:$B$454=$F138,'學員資料-三民高中'!$G$2:$G$454,""))} | R138: {=_xlfn.TEXTJOIN("、",TRUE,IF('學員資料-新北高中'!$B$2:$B$583=$F138,'學員資料-新北高中'!$G$2:$G$583,""))} -> 0972384546 | S138: {=_xlfn.TEXTJOIN("、",TRUE,IF('學員資料-三重商工'!$B$2:$B$472=$F138,'學員資料-三重商工'!$G$2:$G$472,""))} | T138: =3-COUNTBLANK(Q138:S138) -> 1
A139: 138 | B139: 20260515205646010816 | C139: 46157 | D139: 20:56:46 | E139: 鄭琳魿 | F139: BQ115037 | G139: 張奕薪.張奕謙 | H139: 1. 家教1VS2 (20%) 1x9000 | I139: 1 | J139: 1VS2 | L139: 其他 | M139: 0 | N139: -180 | O139: 8820 | P139: 8820 | Q139: {=_xlfn.TEXTJOIN("、",TRUE,IF('學員資料-三民高中'!$B$2:$B$454=$F139,'學員資料-三民高中'!$G$2:$G$454,""))} | R139: {=_xlfn.TEXTJOIN("、",TRUE,IF('學員資料-新北高中'!$B$2:$B$583=$F139,'學員資料-新北高中'!$G$2:$G$583,""))} | S139: {=_xlfn.TEXTJOIN("、",TRUE,IF('學員資料-三重商工'!$B$2:$B$472=$F139,'學員資料-三重商工'!$G$2:$G$472,""))} -> 0970170082 | T139: =3-COUNTBLANK(Q139:S139) -> 1
A140: 139 | B140: 20260515202426010992 | C140: 46157 | D140: 20:24:26 | E140: 鄭琳魿 | F140: BQ115036 | G140: 彭朝聲.彭玟麒 | H140: 1. 家教1VS2 1x7500 | I140: 1 | J140: 1VS2 | L140: 現金 | M140: 0 | N140: -150 | O140: 7350 | P140: 7350 | Q140: {=_xlfn.TEXTJOIN("、",TRUE,IF('學員資料-三民高中'!$B$2:$B$454=$F140,'學員資料-三民高中'!$G$2:$G$454,""))} | R140: {=_xlfn.TEXTJOIN("、",TRUE,IF('學員資料-新北高中'!$B$2:$B$583=$F140,'學員資料-新北高中'!$G$2:$G$583,""))} | S140: {=_xlfn.TEXTJOIN("、",TRUE,IF('學員資料-三重商工'!$B$2:$B$472=$F140,'學員資料-三重商工'!$G$2:$G$472,""))} -> 0921810618 | T140: =3-COUNTBLANK(Q140:S140) -> 1
A141: 140 | B141: 20260515201511010072 | C141: 46157 | D141: 20:15:11 | E141: 葉瑋慈 | F141: AQ1150510 | G141: 徐雨⽲，徐雨希 | H141: 1. 家教1VS2 1x7500 2. 【試上】家教1VS2 1x1400 3. 【試上】家教1VS2 1x1400 | I141: 3 | J141: 1VS2 | K141: 是 | L141: 其他 | M141: 0 | N141: -150 | O141: 10150 | P141: 10150 | Q141: {=_xlfn.TEXTJOIN("、",TRUE,IF('學員資料-三民高中'!$B$2:$B$454=$F141,'學員資料-三民高中'!$G$2:$G$454,""))} | R141: {=_xlfn.TEXTJOIN("、",TRUE,IF('學員資料-新北高中'!$B$2:$B$583=$F141,'學員資料-新北高中'!$G$2:$G$583,""))} -> 0956100596 | S141: {=_xlfn.TEXTJOIN("、",TRUE,IF('學員資料-三重商工'!$B$2:$B$472=$F141,'學員資料-三重商工'!$G$2:$G$472,""))} | T141: =3-COUNTBLANK(Q141:S141) -> 1
A142: 141 | B142: 20260515170844010156 | C142: 46157 | D142: 17:08:44 | E142: 鄭琳魿 | F142: BQ114138 | G142: 林宥希.林宣伶 | H142: 1. 家教1VS2 (20%) 1x9000 2. 家教1VS2 (20%) 1x9000 3. 家教1VS2 (20%) 1x9000 | I142: 3 | J142: 1VS2 | L142: 現金 | M142: 0 | N142: -1080 | O142: 25920 | P142: 25920 | Q142: {=_xlfn.TEXTJOIN("、",TRUE,IF('學員資料-三民高中'!$B$2:$B$454=$F142,'學員資料-三民高中'!$G$2:$G$454,""))} | R142: {=_xlfn.TEXTJOIN("、",TRUE,IF('學員資料-新北高中'!$B$2:$B$583=$F142,'學員資料-新北高中'!$G$2:$G$583,""))} | S142: {=_xlfn.TEXTJOIN("、",TRUE,IF('學員資料-三重商工'!$B$2:$B$472=$F142,'學員資料-三重商工'!$G$2:$G$472,""))} -> 0989564153 | T142: =3-COUNTBLANK(Q142:S142) -> 1
A143: 142 | B143: 20260515152859010412 | C143: 46157 | D143: 15:28:59 | E143: 徐立珏 | F143: CQ114319 | G143: 葉展睿 莫翔宇 | H143: 1. 家教1VS2 1x7500 | I143: 1 | J143: 1VS2 | L143: 現金 | M143: 0 | N143: -750 | O143: 6750 | P143: 6750 | Q143: {=_xlfn.TEXTJOIN("、",TRUE,IF('學員資料-三民高中'!$B$2:$B$454=$F143,'學員資料-三民高中'!$G$2:$G$454,""))} -> 0921777655-1 | R143: {=_xlfn.TEXTJOIN("、",TRUE,IF('學員資料-新北高中'!$B$2:$B$583=$F143,'學員資料-新北高中'!$G$2:$G$583,""))} | S143: {=_xlfn.TEXTJOIN("、",TRUE,IF('學員資料-三重商工'!$B$2:$B$472=$F143,'學員資料-三重商工'!$G$2:$G$472,""))} | T143: =3-COUNTBLANK(Q143:S143) -> 1
A144: 143 | B144: 20260514203543010792 | C144: 46156 | D144: 20:35:43 | E144: 鄭琳魿 | F144: BQ114019 | G144: 陳威霖.陳威丞 | H144: 1. 家教1VS2 1x7500 2. 家教1VS2 1x7500 | I144: 2 | J144: 1VS2 | L144: 現金 | M144: 0 | N144: -300 | O144: 14700 | P144: 14700 | Q144: {=_xlfn.TEXTJOIN("、",TRUE,IF('學員資料-三民高中'!$B$2:$B$454=$F144,'學員資料-三民高中'!$G$2:$G$454,""))} | R144: {=_xlfn.TEXTJOIN("、",TRUE,IF('學員資料-新北高中'!$B$2:$B$583=$F144,'學員資料-新北高中'!$G$2:$G$583,""))} | S144: {=_xlfn.TEXTJOIN("、",TRUE,IF('學員資料-三重商工'!$B$2:$B$472=$F144,'學員資料-三重商工'!$G$2:$G$472,""))} -> 0939272316 | T144: =3-COUNTBLANK(Q144:S144) -> 1
A145: 144 | B145: 20260514183744010092 | C145: 46156 | D145: 18:37:44 | E145: 葉瑋慈 | F145: AQ1147231 | G145: 劉庭妘 | H145: 1. 家教1VS1正 1x6900 | I145: 1 | J145: 1VS1 | L145: 其他 | M145: 0 | N145: 0 | O145: 6900 | P145: 6900 | Q145: {=_xlfn.TEXTJOIN("、",TRUE,IF('學員資料-三民高中'!$B$2:$B$454=$F145,'學員資料-三民高中'!$G$2:$G$454,""))} | R145: {=_xlfn.TEXTJOIN("、",TRUE,IF('學員資料-新北高中'!$B$2:$B$583=$F145,'學員資料-新北高中'!$G$2:$G$583,""))} -> 0960719183 | S145: {=_xlfn.TEXTJOIN("、",TRUE,IF('學員資料-三重商工'!$B$2:$B$472=$F145,'學員資料-三重商工'!$G$2:$G$472,""))} | T145: =3-COUNTBLANK(Q145:S145) -> 1
A146: 145 | B146: 20260514171335010413 | C146: 46156 | D146: 17:13:35 | E146: 郭逸凡 | F146: CQ113491 | G146: 陳蔓筑 陳佳楷 | H146: 1. 家教1VS2 1x7500 | I146: 1 | J146: 1VS2 | L146: 刷卡 | M146: 0 | N146: -150 | O146: 7350 | P146: 7350 | Q146: {=_xlfn.TEXTJOIN("、",TRUE,IF('學員資料-三民高中'!$B$2:$B$454=$F146,'學員資料-三民高中'!$G$2:$G$454,""))} -> 0937504107 | R146: {=_xlfn.TEXTJOIN("、",TRUE,IF('學員資料-新北高中'!$B$2:$B$583=$F146,'學員資料-新北高中'!$G$2:$G$583,""))} | S146: {=_xlfn.TEXTJOIN("、",TRUE,IF('學員資料-三重商工'!$B$2:$B$472=$F146,'學員資料-三重商工'!$G$2:$G$472,""))} | T146: =3-COUNTBLANK(Q146:S146) -> 1
A147: 146 | B147: 20260514155716010670 | C147: 46156 | D147: 15:57:16 | E147: 鄭琳魿 | F147: BQ115035 | G147: 郭芯嘉.郭芊妘.陳沁妤 | H147: 1. 家教1VS3 1x9900 | I147: 1 | J147: 1VS3 | L147: 其他 | M147: 0 | N147: -198 | O147: 9702 | P147: 9702 | Q147: {=_xlfn.TEXTJOIN("、",TRUE,IF('學員資料-三民高中'!$B$2:$B$454=$F147,'學員資料-三民高中'!$G$2:$G$454,""))} | R147: {=_xlfn.TEXTJOIN("、",TRUE,IF('學員資料-新北高中'!$B$2:$B$583=$F147,'學員資料-新北高中'!$G$2:$G$583,""))} | S147: {=_xlfn.TEXTJOIN("、",TRUE,IF('學員資料-三重商工'!$B$2:$B$472=$F147,'學員資料-三重商工'!$G$2:$G$472,""))} -> 0961020262 | T147: =3-COUNTBLANK(Q147:S147) -> 1
...

Sheet 工作表4
A1: 項次 | B1: 原卡號 | C1: 原姓名 | D1: 正規化卡號 | E1: 是否有資料 | F1: 比對方式 | G1: 會員編號(庫) | H1: 會員姓名(庫) | I1: 群組(庫) | J1: 館別 | K1: 行動電話 | L1: 市話
A2: 6 | B2: BQ115061 | C2: 劉宇芯 | D2: BQ115061 | E2: 有資料 | F2: 卡號相符 | G2: BQ115061 | H2: 劉宇芯 | I2: 新北館 | J2: 新北高中 | K2: 0928160963
A3: 7 | B3: BQ115060 | C3: 廖有彬 | D3: BQ115060 | E3: 有資料 | F3: 卡號相符 | G3: BQ115060 | H3: 廖有彬 | I3: 新北館 | J3: 新北高中 | K3: 0911563931
A4: 11 | B4: AQ1140616 | C4: 林晴川 | D4: AQ1140616 | E4: 有資料 | F4: 卡號相符 | G4: AQ1140616 | H4: 林晴川 | I4: 新北館 | J4: 新北高中 | K4: 0932012341
A5: 25 | B5: AQ115061 | C5: 許嘉⽂ | D5: AQ115061 | E5: 有資料 | F5: 卡號相符 | G5: AQ115061 | H5: 許嘉文 | I5: 新北館 | J5: 新北高中 | K5: 0932549778
A6: 29 | B6: CQ115145 | C6: 陳品匡 | D6: CQ115145 | E6: 有資料 | F6: 卡號相符 | G6: CQ115145 | H6: 陳品匡 | I6: 三民館 | J6: 三民高中 | K6: 0952641567 | L6: 0952641567
A7: 37 | B7: AQ1140610 | C7: 林星彤 | D7: AQ1140610 | E7: 有資料 | F7: 卡號相符 | G7: AQ1140610 | H7: 林星彤 | I7: 新北館 | J7: 新北高中 | K7: 0900394194
A8: 39 | B8: AQ11406091 | C8: 何沂玹、何晨瑞 | D8: AQ11406091 | E8: 有資料 | F8: 卡號相符 | G8: AQ11406091 | I8: 新北館 | J8: 新北高中 | K8: 0928084563
A9: 56 | B9: AQ1150604 | C9: 郭沐愛 | D9: AQ1150604 | E9: 有資料 | F9: 卡號相符 | G9: AQ1150604 | H9: 郭沐愛 | I9: 新北館 | J9: 新北高中 | K9: 0910192942
A10: 57 | B10: AQ1150605 | C10: 黎佳妮 | D10: AQ1150605 | E10: 有資料 | F10: 卡號相符 | G10: AQ1150605 | H10: 黎佳妮 | I10: 新北館 | J10: 新北高中 | K10: 0928880002
A11: 74 | B11: CQ115529 | C11: 王洛澄 鄭涵菲 | D11: CQ115529 | E11: 有資料 | F11: 卡號相符 | G11: CQ115529 | H11: 王洛澄 鄭涵菲 | I11: 新北館 | J11: 新北高中 | K11: 0916325053
A12: 77 | B12: AQ115060 | C12: 汪宥伶 | D12: AQ115060 | E12: 有資料 | F12: 卡號相符 | G12: AQ115060 | H12: 汪宥伶 | I12: 新北館 | J12: 新北高中 | K12: 0915694615
A13: 94 | C13: CQ113527-1姚奕鍇 | D13: CQ113527-1 | E13: 有資料 | F13: 卡號相符 | G13: CQ113527-1 | H13: 姚奕鍇 | I13: 三民課程 | J13: 三民高中 | K13: 0926181435
A14: 105 | B14: CQ115108 | C14: 蔡余婕 | D14: CQ115108 | E14: 有資料 | F14: 卡號相符 | G14: CQ115108 | H14: 蔡余婕 | I14: 三民館 | J14: 三民高中 | K14: 0976987109
A15: 130 | B15: CQ114010 | C15: 賴欣葦.蘇宥宇.蘇宥嘉 | D15: CQ114010 | E15: 有資料 | F15: 卡號相符 | G15: CQ114010 | H15: 賴欣葦.蘇宥宇.蘇宥嘉 | I15: 商工課程 | J15: 三重商工 | K15: 0937147856
A16: 150 | B16: CQ1150513 | C16: 陳奕華 | D16: CQ1150513 | E16: 有資料 | F16: 卡號相符 | G16: CQ1150513 | H16: 陳奕華 | I16: 三民館 | J16: 三民高中 | K16: 0982070815
A17: 160 | B17: AQ1140055 | C17: 葉宸鈞 | D17: AQ1140055 | E17: 有資料 | F17: 卡號相符 | G17: AQ1140055 | H17: 葉宸鈞 | I17: 新北館 | J17: 新北高中 | K17: 0911693649
A18: 162 | B18: CQ115103 | C18: 簡堃哲 | D18: CQ115103 | E18: 有資料 | F18: 卡號相符 | G18: CQ115103 | I18: 新北館 | J18: 新北高中 | K18: 0961330110 | L18: 0961330110
A19: 166 | B19: AQ115056 | C19: 宋允程，顏新纮 | D19: AQ115056 | E19: 有資料 | F19: 卡號相符 | G19: AQ115056 | I19: 新北館 | J19: 新北高中 | K19: 0919268429
A20: 205 | B20: AQ1141025 | C20: 張哲榮 | D20: AQ1141025 | E20: 有資料 | F20: 卡號相符 | G20: AQ1141025 | H20: 張哲榮 | I20: 新北館 | J20: 新北高中 | K20: 0921751876
A21: 215 | B21: CQ114010 | C21: 賴欣葦.蘇宥宇.蘇宥嘉 | D21: CQ114010 | E21: 有資料 | F21: 卡號相符 | G21: CQ114010 | H21: 賴欣葦.蘇宥宇.蘇宥嘉 | I21: 商工課程 | J21: 三重商工 | K21: 0937147856
A22: 268 | B22: BQ140006 | C22: 劉昕玥.林倢誼 | D22: BQ140006 | E22: 有資料 | F22: 卡號相符 | G22: BQ140006 | H22: 劉昕玥.林倢誼 | I22: 商工課程 | J22: 三重商工 | K22: 0922711546
A23: 426 | C23: CQ113527-1姚奕鍇 | D23: CQ113527-1 | E23: 有資料 | F23: 卡號相符 | G23: CQ113527-1 | H23: 姚奕鍇 | I23: 三民課程 | J23: 三民高中 | K23: 0926181435
A24: 430 | B24: BQ140007 | C24: 詹昕樺.詹沂穎 | D24: BQ140007 | E24: 有資料 | F24: 卡號相符 | G24: BQ140007 | H24: 詹昕樺.詹沂穎 | I24: 商工課程 | J24: 三重商工 | K24: 0935153303
A25: 495 | B25: AQ1141025 | C25: 張哲榮 | D25: AQ1141025 | E25: 有資料 | F25: 卡號相符 | G25: AQ1141025 | H25: 張哲榮 | I25: 新北館 | J25: 新北高中 | K25: 0921751876
A26: 543 | B26: AQ1141025 | C26: 張哲榮 | D26: AQ1141025 | E26: 有資料 | F26: 卡號相符 | G26: AQ1141025 | H26: 張哲榮 | I26: 新北館 | J26: 新北高中 | K26: 0921751876
A27: 575 | B27: AQ114002 | C27: 李采玹 | D27: AQ114002 | E27: 有資料 | F27: 卡號相符 | G27: AQ114002 | H27: 李采玹 | I27: 新北館 | J27: 新北高中 | K27: 0956454870
A28: 643 | B28: CQ114010 | C28: 賴欣葦.蘇宥宇.蘇宥嘉 | D28: CQ114010 | E28: 有資料 | F28: 卡號相符 | G28: CQ114010 | H28: 賴欣葦.蘇宥宇.蘇宥嘉 | I28: 商工課程 | J28: 三重商工 | K28: 0937147856
A29: 669 | B29: AQ1141025 | C29: 張哲榮 | D29: AQ1141025 | E29: 有資料 | F29: 卡號相符 | G29: AQ1141025 | H29: 張哲榮 | I29: 新北館 | J29: 新北高中 | K29: 0921751876
A30: 777 | B30: AQ113827 | C30: 李依倢 | D30: AQ113827 | E30: 有資料 | F30: 卡號相符 | G30: AQ113827 | H30: 李依倢 | I30: 新北館 | J30: 新北高中 | K30: 0936262633 | L30: 0936262633
A31: 848 | B31: cq1140601 | C31: 謝鈞宇 | D31: CQ1140601 | E31: 有資料 | F31: 卡號相符 | G31: cq1140601 | H31: 謝鈞宇 | I31: 三民館 | J31: 三民高中 | K31: 0913400123
A32: 861 | B32: BQ113156 | C32: 戴依辰 | D32: BQ113156 | E32: 有資料 | F32: 卡號相符 | G32: BQ113156 | H32: 戴依辰 | I32: 新北館 | J32: 新北高中 | K32: 0917601204 | L32: 0917601204
A33: 911 | C33: CQ113527-1姚奕鍇 | D33: CQ113527-1 | E33: 有資料 | F33: 卡號相符 | G33: CQ113527-1 | H33: 姚奕鍇 | I33: 三民課程 | J33: 三民高中 | K33: 0926181435
A34: 956 | B34: AQ113827 | C34: 李依倢 | D34: AQ113827 | E34: 有資料 | F34: 卡號相符 | G34: AQ113827 | H34: 李依倢 | I34: 新北館 | J34: 新北高中 | K34: 0936262633 | L34: 0936262633
A35: 1002 | C35: CQ11４２０１簡妍思 | D35: CQ114201 | E35: 有資料 | F35: 卡號相符 | G35: CQ11４２０１ | H35: 簡妍思 | I35: 三民課程 | J35: 三民高中 | K35: 0913245678 | L35: ０９６３００８３５１
A36: 1010 | B36: CQ114154 | C36: 陳云霈 | D36: CQ114154 | E36: 有資料 | F36: 卡號相符 | G36: CQ114154 | H36: 陳云霈 | I36: 新北館 | J36: 新北高中 | K36: 0920802321 | L36: 0920802321
A37: 1075 | B37: AQ113827 | C37: 李依倢 | D37: AQ113827 | E37: 有資料 | F37: 卡號相符 | G37: AQ113827 | H37: 李依倢 | I37: 新北館 | J37: 新北高中 | K37: 0936262633 | L37: 0936262633
A38: 1153 | B38: cq1140601 | C38: 謝鈞宇 | D38: CQ1140601 | E38: 有資料 | F38: 卡號相符 | G38: cq1140601 | H38: 謝鈞宇 | I38: 三民館 | J38: 三民高中 | K38: 0913400123
A39: 1159 | B39: CQ114154 | C39: 陳云霈 | D39: CQ114154 | E39: 有資料 | F39: 卡號相符 | G39: CQ114154 | H39: 陳云霈 | I39: 新北館 | J39: 新北高中 | K39: 0920802321 | L39: 0920802321
A40: 1163 | B40: CQ114010 | C40: 賴欣葦.蘇宥宇.蘇宥嘉 | D40: CQ114010 | E40: 有資料 | F40: 卡號相符 | G40: CQ114010 | H40: 賴欣葦.蘇宥宇.蘇宥嘉 | I40: 商工課程 | J40: 三重商工 | K40: 0937147856
A41: 1179 | B41: CQ114144 | C41: 許友薰 | D41: CQ114144 | E41: 有資料 | F41: 卡號相符 | G41: CQ114144 | H41: 許友薰 | I41: 新北館 | J41: 新北高中 | K41: 0970422905
A42: 1209 | B42: AQ11407061 | C42: 朱家儀 | D42: AQ11407061 | E42: 有資料 | F42: 卡號相符 | G42: AQ11407061 | H42: 朱家儀 | I42: 新北館 | J42: 新北高中 | K42: 0937966481-2
A43: 1218 | B43: AQ1140705 | C43: 謝定芃 | D43: AQ1140705 | E43: 有資料 | F43: 卡號相符 | G43: AQ1140705 | H43: 謝定芃 | I43: 新北館 | J43: 新北高中 | K43: 0933875816
A44: 1227 | B44: A11407023 | C44: 李欣芮 | D44: A11407023 | E44: 有資料 | F44: 卡號相符 | G44: A11407023 | H44: 李欣芮 | I44: 新北館 | J44: 新北高中 | K44: 0968772862-2
A45: 1271 | B45: AQ1140055 | C45: 葉宸鈞 | D45: AQ1140055 | E45: 有資料 | F45: 卡號相符 | G45: AQ1140055 | H45: 葉宸鈞 | I45: 新北館 | J45: 新北高中 | K45: 0911693649
A46: 1289 | B46: AQ114526 | C46: 董乃中 | D46: AQ114526 | E46: 有資料 | F46: 卡號相符 | G46: AQ114526 | H46: 董乃中 | I46: 新北館 | J46: 新北高中 | K46: 0911151291 | L46: 0911151291
A47: 1308 | C47: CQ113527-1姚奕鍇 | D47: CQ113527-1 | E47: 有資料 | F47: 卡號相符 | G47: CQ113527-1 | H47: 姚奕鍇 | I47: 三民課程 | J47: 三民高中 | K47: 0926181435
A48: 1371 | B48: cq1140601 | C48: 謝鈞宇 | D48: CQ1140601 | E48: 有資料 | F48: 卡號相符 | G48: cq1140601 | H48: 謝鈞宇 | I48: 三民館 | J48: 三民高中 | K48: 0913400123
A49: 1375 | B49: AQ114526 | C49: 董乃中 | D49: AQ114526 | E49: 有資料 | F49: 卡號相符 | G49: AQ114526 | H49: 董乃中 | I49: 新北館 | J49: 新北高中 | K49: 0911151291 | L49: 0911151291
A50: 1390 | C50: 新北家教會員汪宇綸 | E50: 有資料 | F50: 姓名相符(會員編號異常) | G50: 新北家教會員 | H50: 汪宇綸 | I50: 新北館 | J50: 新北高中 | K50: 0932311513
A51: 1423 | C51: AQ113125-1王歆雅 王俊叡張滋芸 張瑀洋 | D51: AQ113125-1 | E51: 有資料 | F51: 卡號相符 | G51: AQ113125-1 | H51: 王歆雅 王俊叡 張滋芸 張瑀洋 | I51: 新北課程 | J51: 新北高中 | K51: 0919347546
A52: 1475 | C52: CQ113527-1姚奕鍇 | D52: CQ113527-1 | E52: 有資料 | F52: 卡號相符 | G52: CQ113527-1 | H52: 姚奕鍇 | I52: 三民課程 | J52: 三民高中 | K52: 0926181435
A53: 1516 | B53: BQ140007 | C53: 詹昕樺.詹沂穎 | D53: BQ140007 | E53: 有資料 | F53: 卡號相符 | G53: BQ140007 | H53: 詹昕樺.詹沂穎 | I53: 商工課程 | J53: 三重商工 | K53: 0935153303
A54: 1517 | B54: BQ140006 | C54: 劉昕玥.林倢誼 | D54: BQ140006 | E54: 有資料 | F54: 卡號相符 | G54: BQ140006 | H54: 劉昕玥.林倢誼 | I54: 商工課程 | J54: 三重商工 | K54: 0922711546
A55: 1529 | B55: CQ114010 | C55: 賴欣葦.蘇宥宇.蘇宥嘉 | D55: CQ114010 | E55: 有資料 | F55: 卡號相符 | G55: CQ114010 | H55: 賴欣葦.蘇宥宇.蘇宥嘉 | I55: 商工課程 | J55: 三重商工 | K55: 0937147856
A56: 1553 | B56: CQ1140020 | D56: CQ1140020 | E56: 無資料 | F56: —
A57: 1556 | B57: BQ113123 | C57: 李潔寧 | D57: BQ113123 | E57: 有資料 | F57: 卡號相符 | G57: BQ113123 | H57: 李潔寧 | I57: 三重館 | J57: 三重商工 | K57: 0921690089
A58: 1614 | B58: AQ114002 | C58: 李采玹 | D58: AQ114002 | E58: 有資料 | F58: 卡號相符 | G58: AQ114002 | H58: 李采玹 | I58: 新北館 | J58: 新北高中 | K58: 0956454870
A59: 1625 | B59: CQ113634 | C59: 林語萱 | D59: CQ113634 | E59: 有資料 | F59: 卡號相符 | G59: CQ113634 | H59: 林語萱 | I59: 新北館 | J59: 新北高中 | K59: 0987999331
A60: 1634 | B60: AQ114002 | C60: 李采玹 | D60: AQ114002 | E60: 有資料 | F60: 卡號相符 | G60: AQ114002 | H60: 李采玹 | I60: 新北館 | J60: 新北高中 | K60: 0956454870
A61: 1638 | B61: CQ113634 | C61: 林語萱 | D61: CQ113634 | E61: 有資料 | F61: 卡號相符 | G61: CQ113634 | H61: 林語萱 | I61: 新北館 | J61: 新北高中 | K61: 0987999331
A62: 1642 | C62: CQ113527-1姚奕鍇 | D62: CQ113527-1 | E62: 有資料 | F62: 卡號相符 | G62: CQ113527-1 | H62: 姚奕鍇 | I62: 三民課程 | J62: 三民高中 | K62: 0926181435
A63: 1643 | C63: CQ113527-1姚奕鍇 | D63: CQ113527-1 | E63: 有資料 | F63: 卡號相符 | G63: CQ113527-1 | H63: 姚奕鍇 | I63: 三民課程 | J63: 三民高中 | K63: 0926181435
A64: 1700 | C64: BQ新北家教謝秉維 | E64: 有資料 | F64: 姓名相符(會員編號異常) | G64: BQ新北家教 | H64: 謝秉維 | I64: 新北課程 | J64: 新北高中 | K64: 0932207728
A65: 1736 | B65: XN111099 | C65: 張安睿 | D65: XN111099 | E65: 有資料 | F65: 卡號相符 | G65: XN111099 | H65: 張安睿 | I65: 商工課程 | J65: 三重商工 | K65: 0958934002
A66: 1745 | B66: AQ113978 | D66: AQ113978 | E66: 無資料 | F66: —
A67: 1765 | B67: AQ1132010 | C67: 蕭雨芙 | D67: AQ1132010 | E67: 有資料 | F67: 卡號相符 | G67: AQ1132010 | H67: 蕭雨芙 | I67: 新北館 | J67: 新北高中 | K67: 0972896660
A68: 1782 | B68: AQ113197 | C68: 邱韻如 | D68: AQ113197 | E68: 有資料 | F68: 卡號相符 | G68: AQ113197 | H68: 邱韻如 | I68: 新北館 | J68: 新北高中 | K68: 0955770306
A69: 1867 | B69: CQ113794 | D69: CQ113794 | E69: 無資料 | F69: —
A70: 1883 | B70: AQ1131000 | C70: 曾柔蓁、曾⼦瑄、何紫瑈 | D70: AQ1131000 | E70: 有資料 | F70: 卡號相符 | G70: AQ1131000 | I70: 新北館 | J70: 新北高中 | K70: 0910316059
A71: 1888 | B71: AQ113978 | D71: AQ113978 | E71: 無資料 | F71: —
A72: 1889 | B72: CQ113988 | D72: CQ113988 | E72: 無資料 | F72: —
A73: 1893 | B73: AQ1130057 | D73: AQ1130057 | E73: 無資料 | F73: —
A74: 1914 | B74: AQ1130079 | D74: AQ1130079 | E74: 無資料 | F74: —
A75: 1932 | B75: CQ113991 | D75: CQ113991 | E75: 無資料 | F75: —
A76: 1936 | B76: CQ113996 | D76: CQ113996 | E76: 無資料 | F76: —
A77: 1937 | B77: CQ113534 | D77: CQ113534 | E77: 無資料 | F77: —
A78: 1942 | B78: AQ1130057 | D78: AQ1130057 | E78: 無資料 | F78: —
A79: 1984 | B79: CQ113534 | D79: CQ113534 | E79: 無資料 | F79: —
A80: 2124 | B80: CQ113634 | C80: 林語萱 | D80: CQ113634 | E80: 有資料 | F80: 卡號相符 | G80: CQ113634 | H80: 林語萱 | I80: 新北館 | J80: 新北高中 | K80: 0987999331
A81: 2128 | B81: AQ112555 | C81: 林千晰 | D81: AQ112555 | E81: 有資料 | F81: 卡號相符 | G81: AQ112555 | H81: 林千晰 | I81: 新北館 | J81: 新北高中 | K81: 0933222114
A82: 2132 | B82: BQ111037 | C82: 楊千慧 | D82: BQ111037 | E82: 有資料 | F82: 卡號相符 | G82: BQ111037 | H82: 楊千慧 | I82: 新北館 | J82: 新北高中 | K82: DE61539324
A83: 2166 | B83: BQ112146 | D83: BQ112146 | E83: 無資料 | F83: —
A84: 2197 | C84: CQ113525-1陳允昊 陳韵彤 | D84: CQ113525-1 | E84: 有資料 | F84: 卡號相符 | G84: CQ113525-1 | I84: 三民課程 | J84: 三民高中 | K84: 0936770825
A85: 2261 | B85: AQ113308 | C85: 張辰碩 | D85: AQ113308 | E85: 有資料 | F85: 卡號相符 | G85: AQ113308 | H85: 張辰碩 | I85: 新北館 | J85: 新北高中 | K85: 0912082183 | L85: 0912082183
A86: 2332 | C86: CQ113525-1陳允昊 陳韵彤 | D86: CQ113525-1 | E86: 有資料 | F86: 卡號相符 | G86: CQ113525-1 | I86: 三民課程 | J86: 三民高中 | K86: 0936770825
A87: 2334 | B87: AQ111331 | C87: ⾼向辰 | D87: AQ111331 | E87: 有資料 | F87: 卡號相符 | G87: AQ111331 | H87: 高向辰 | I87: 新北館 | J87: 新北高中 | K87: 0911111321
A88: 2353 | B88: XN112055 | C88: 陳享恩/陳頌恩 | D88: XN112055 | E88: 有資料 | F88: 卡號相符 | G88: XN112055 | H88: 陳享恩/陳頌恩 | I88: 商工課程 | J88: 三重商工 | K88: 0958934012
A89: 2354 | B89: XN112491 | C89: 謝潤澤/謝名燿 | D89: XN112491 | E89: 有資料 | F89: 卡號相符 | G89: XN112491 | H89: 謝潤澤/謝名燿 | I89: 商工課程 | J89: 三重商工 | K89: 0958934011
A90: 2355 | B90: XN112306 | C90: 廖哲宇 | D90: XN112306 | E90: 有資料 | F90: 卡號相符 | G90: XN112306 | H90: 廖哲宇 | I90: 商工課程 | J90: 三重商工 | K90: 0958934010
A91: 2365 | B91: XN111099 | C91: 張安睿 | D91: XN111099 | E91: 有資料 | F91: 卡號相符 | G91: XN111099 | H91: 張安睿 | I91: 商工課程 | J91: 三重商工 | K91: 0958934002
A92: 2366 | B92: XN111099 | C92: 張安睿 | D92: XN111099 | E92: 有資料 | F92: 卡號相符 | G92: XN111099 | H92: 張安睿 | I92: 商工課程 | J92: 三重商工 | K92: 0958934002
A93: 2370 | B93: 福林111059 | C93: 陳霖 | D93: 福林111059 | E93: 有資料 | F93: 卡號相符 | G93: 福林111059 | H93: 陳霖 | I93: 新北館 | J93: 新北高中 | K93: FL38959204
A94: 2373 | B94: BQ113225 | C94: 胡瑜珍 | D94: BQ113225 | E94: 有資料 | F94: 卡號相符 | G94: BQ113225 | H94: 胡瑜珍 | I94: 三重館 | J94: 三重商工 | K94: 0933039376
A95: 2378 | B95: AQ112568 | D95: AQ112568 | E95: 無資料 | F95: —
A96: 2419 | B96: AQ113308 | C96: 張辰碩 | D96: AQ113308 | E96: 有資料 | F96: 卡號相符 | G96: AQ113308 | H96: 張辰碩 | I96: 新北館 | J96: 新北高中 | K96: 0912082183 | L96: 0912082183
A97: 2469 | B97: AQ113270 | C97: 蔡昊恩 | D97: AQ113270 | E97: 有資料 | F97: 卡號相符 | G97: AQ113270 | H97: 蔡昊恩 | I97: 新北館 | J97: 新北高中 | K97: 0920222765
A98: 2486 | B98: AQ1080828 | D98: AQ1080828 | E98: 無資料 | F98: —
A99: 2506 | B99: CQ113090 | D99: CQ113090 | E99: 無資料 | F99: —
A100: 2539 | B100: AQ112023 | C100: 王珩燁 | D100: AQ112023 | E100: 有資料 | F100: 卡號相符 | G100: AQ112023 | H100: 王珩燁 | I100: 新北館 | J100: 新北高中 | K100: 0912127414-1
...

Sheet 學員資料-三民高中
A1: 序號 | B1: 會員編號（舊） | C1: 姓名 | D1: 館別群組（原） | E1: 會員等級（原） | F1: 生日（民國） | G1: 行動電話 | H1: 電話 | I1: 卡片類別 | J1: 總消費 | K1: 來源檔案 | L1: 分類依據
A2: 1 | B2: AQ111426 | D2: 三民館 | E2: 三民家教會員 | G2: 0926187618-1 | I2: 儲值卡 | J2: 21120 | K2: 會員資料01.xls | L2: 家教等級
A3: 2 | B3: AQ113313 | C3: 王語涵、王語希 | D3: 三民課程 | E3: 三民家教會員 | G3: 0953112110 | I3: 儲值卡 | J3: 21900 | K3: 會員資料02.xls | L3: 課程群組、家教等級、多人姓名
A4: 3 | B4: AQ113567 | C4: 蕭致諺、卓柏言、卓柏樺、何宣諭 | D4: 三民課程 | E4: 三民家教會員 | G4: 0976521185 | I4: 儲值卡 | J4: 9504 | K4: 會員資料02.xls | L4: 課程群組、家教等級、多人姓名
A5: 4 | B5: AQ1140052 | C5: 徐子翔、徐溢成 | D5: 三民館 | E5: 三民家教會員 | G5: 0920016260-1 | I5: 儲值卡 | J5: 13500 | K5: 會員資料02.xls | L5: 家教等級、多人姓名
A6: 5 | B6: AQ114016 | C6: 林語晴、林品妍 | D6: 三民課程 | E6: 三民家教會員 | G6: 0955948981 | I6: 儲值卡 | J6: 7950 | K6: 會員資料02.xls | L6: 課程群組、家教等級、多人姓名
A7: 6 | B7: AQ1140706 | C7: 粘建凱、粘子紳 | D7: 三民館 | E7: 三民家教會員 | G7: 0988835148 | I7: 儲值卡 | J7: 15000 | K7: 會員資料02.xls | L7: 家教等級、多人姓名
A8: 7 | B8: AQ115036 | C8: 江玟誼、江姿誼 | D8: 三民館 | E8: 三民家教會員 | G8: 0926332176 | I8: 儲值卡 | J8: 18000 | K8: 會員資料02.xls | L8: 家教等級、多人姓名
A9: 8 | B9: C113132 | C9: 王志君 | D9: 三民課程 | E9: 一般會員 | G9: 0918236900 | I9: 儲值卡 | J9: 0 | K9: 會員資料04.xls | L9: 課程群組
A10: 9 | B10: C11457 | C10: 邱紹宸、邱兆翔、陳畇杉、陳畇佐 | D10: 三民課程 | E10: 三民家教會員 | G10: 0000000007 | I10: 儲值卡 | J10: 0 | K10: 會員資料04.xls | L10: 課程群組、家教等級、多人姓名
A11: 10 | B11: CQ109268 | C11: 連奕恩、張心瑞、張祐齊 | D11: 三民課程 | E11: 三民家教會員 | G11: CQ109268 | I11: 儲值卡 | J11: 9000 | K11: 會員資料04.xls | L11: 課程群組、家教等級、多人姓名
A12: 11 | B12: CQ109375 | C12: 王亮凱、江蘭馨 | D12: 三民課程 | E12: 三民家教會員 | G12: CQ112375 | I12: 儲值卡 | J12: 7200 | K12: 會員資料04.xls | L12: 課程群組、家教等級、多人姓名
A13: 12 | B13: CQ110002 | C13: 吳真幸 | D13: 三民課程 | E13: 三民家教會員 | G13: CQ110002 | I13: 儲值卡 | J13: 13200 | K13: 會員資料04.xls | L13: 課程群組、家教等級
A14: 13 | B14: CQ110284 | C14: 連奕恩 | D14: 三民課程 | E14: 三民家教會員 | G14: CQ110284 | I14: 儲值卡 | J14: 19800 | K14: 會員資料04.xls | L14: 課程群組、家教等級
... A50: 49 | B50: CQ113047 | C50: 李芯語、李芯媛 | D50: 三民課程 | E50: 三民家教會員 | G50: 0939113914 | I50: 儲值卡 | J50: 32922 | K50: 會員資料04.xls | L50: 課程群組、家教等級、多人姓名
A51: 50 | B51: CQ113049 | D51: 三民館 | E51: 三民家教會員 | G51: 0926685502 | I51: 儲值卡 | J51: 31680 | K51: 會員資料04.xls | L51: 家教等級
A52: 51 | B52: CQ1130504 | C52: 余沐樺、余博洋 | D52: 三民課程 | E52: 三民家教會員 | G52: 0916175109 | I52: 儲值卡 | J52: 14700 | K52: 會員資料04.xls | L52: 課程群組、家教等級、多人姓名
A53: 52 | B53: CQ1130505 | C53: 謝念佑、謝承佑 | D53: 三民課程 | E53: 三民家教會員 | G53: 0983499307 | I53: 儲值卡 | J53: 12672 | K53: 會員資料04.xls | L53: 課程群組、家教等級、多人姓名
A54: 53 | B54: CQ1130524 | C54: 吳雨霏、李聿晴、李聿翔 | D54: 三民課程 | E54: 三民家教會員 | G54: 0975202780 | I54: 儲值卡 | J54: 9000 | K54: 會員資料04.xls | L54: 課程群組、家教等級、多人姓名
A55: 54 | B55: CQ1130529 | C55: 楊又璇 | D55: 三民課程 | E55: 三民家教會員 | G55: 09123456774 | I55: 儲值卡 | J55: 1200 | K55: 會員資料04.xls | L55: 課程群組、家教等級
A56: 55 | B56: CQ113064 | C56: 潘宣妤、顏子琪、駱又寧、李允心 | D56: 三民課程 | E56: 三民家教會員 | G56: 0926061999-1 | I56: 儲值卡 | J56: 10800 | K56: 會員資料04.xls | L56: 課程群組、家教等級、多人姓名
A57: 56 | B57: CQ113097 | C57: 何芸菲、黃云希、蔡濬陽 | D57: 三民課程 | E57: 三民家教會員 | G57: 0972526397 | I57: 儲值卡 | J57: 7920 | K57: 會員資料04.xls | L57: 課程群組、家教等級、多人姓名
A58: 57 | B58: CQ1131000 | C58: 陳煜凱、李宜頡、李芮綺、李梓蕾 | D58: 三民館 | E58: 三民家教會員 | G58: 0933888191 | H58: 0933888191 | I58: 儲值卡 | J58: 19008 | K58: 會員資料04.xls | L58: 家教等級、多人姓名
A59: 58 | B59: CQ1131001 | C59: 廖冠瑀 | D59: 三民課程 | E59: 三民家教會員 | G59: 0933526945 | I59: 儲值卡 | J59: 11880 | K59: 會員資料04.xls | L59: 課程群組、家教等級
A60: 59 | B60: CQ1131002 | C60: 鄭羽辰 | D60: 三民課程 | E60: 三民家教會員 | G60: 0939623233 | I60: 儲值卡 | J60: 38145 | K60: 會員資料04.xls | L60: 課程群組、家教等級
A61: 60 | B61: CQ1131003 | C61: 卓孟鋮、卓鈺珵 | D61: 三民課程 | E61: 三民家教會員 | G61: 0911956440 | I61: 儲值卡 | J61: 12960 | K61: 會員資料04.xls | L61: 課程群組、家教等級、多人姓名
A62: 61 | B62: CQ1131004 | C62: 杜毅飛、李帛暘 | D62: 三民館 | E62: 三民家教會員 | G62: 0921641535 | H62: 0921641535 | I62: 儲值卡 | J62: 6480 | K62: 會員資料04.xls | L62: 家教等級、多人姓名
A63: 62 | B63: CQ1131005 | C63: 李瑀娜 | D63: 三民課程 | E63: 三民家教會員 | G63: 0933765644 | I63: 儲值卡 | J63: 11880 | K63: 會員資料04.xls | L63: 課程群組、家教等級
A64: 63 | B64: CQ1131007 | C64: 黃柏睿、陳映充 | D64: 三民課程 | E64: 三民家教會員 | G64: 0913597806 | H64: 0913597806 | I64: 儲值卡 | J64: 41685 | K64: 會員資料04.xls | L64: 課程群組、家教等級、多人姓名
A65: 64 | B65: CQ1131008 | C65: 蔡政穎 | D65: 三民課程 | E65: 三民家教會員 | G65: 0921501116 | H65: 0921501116 | I65: 儲值卡 | J65: 5940 | K65: 會員資料04.xls | L65: 課程群組、家教等級
A66: 65 | B66: CQ1131009 | C66: 鄭丞晏、鄭語�� | D66: 三民課程 | E66: 三民家教會員 | G66: 0917657387 | H66: 0917657387 | I66: 儲值卡 | J66: 6480 | K66: 會員資料04.xls | L66: 課程群組、家教等級、多人姓名
A67: 66 | B67: CQ113101 | C67: 廖禹晴、廖禹潼 | D67: 三民館 | E67: 三民家教會員 | G67: 0952128229 | I67: 儲值卡 | J67: 7500 | K67: 會員資料04.xls | L67: 家教等級、多人姓名
A68: 67 | B68: CQ1131010 | C68: 周羽莘、周語澄、黃郁琁 | D68: 三民課程 | E68: 三重家教會員 | G68: 0935827666 | H68: 0935827666 | I68: 儲值卡 | J68: 49500 | K68: 會員資料04.xls | L68: 課程群組、家教等級、多人姓名
A69: 68 | B69: CQ1131011 | C69: 謝昇晉、黃芊瑋、廖俞晴、廖子晴 | D69: 三民課程 | E69: 三民家教會員 | G69: 0961258777 | I69: 儲值卡 | J69: 19008 | K69: 會員資料04.xls | L69: 課程群組、家教等級、多人姓名
A70: 69 | B70: CQ1131012 | C70: 劉炳鋒、劉芷妤、劉承恩 | D70: 三民課程 | E70: 三民家教會員 | G70: 0980340349 | H70: 0980340349 | I70: 儲值卡 | J70: 15840 | K70: 會員資料04.xls | L70: 課程群組、家教等級、多人姓名
A71: 70 | B71: CQ1131019 | C71: 陳冠瑋 | D71: 三民課程 | E71: 三民家教會員 | G71: 0955109120 | I71: 儲值卡 | J71: 18435 | K71: 會員資料04.xls | L71: 課程群組、家教等級
A72: 71 | B72: CQ113108 | C72: 王琳雅、王筱筑 | D72: 三民課程 | E72: 三民家教會員 | G72: 0939235050 | I72: 儲值卡 | J72: 6480 | K72: 會員資料04.xls | L72: 課程群組、家教等級、多人姓名
A73: 72 | B73: CQ113109 | C73: 林梓垚、黃宇程 | D73: 三民館 | E73: 一般會員 | G73: 0932235653 | H73: 0932235653 | I73: 儲值卡 | J73: 7500 | K73: 會員資料04.xls | L73: 多人姓名
A74: 73 | B74: CQ1131095 | C74: 郭語恩、連予曦、李以樂 | D74: 三民館 | E74: 三民家教會員 | G74: 0939684088 | H74: 0939684088 | I74: 儲值卡 | J74: 14400 | K74: 會員資料04.xls | L74: 家教等級、多人姓名
A75: 74 | B75: CQ1131096 | C75: 陳睿安、施芸潔、陳芸希 | D75: 三民課程 | E75: 三民家教會員 | G75: 0916710620-1 | I75: 儲值卡 | J75: 23760 | K75: 會員資料04.xls | L75: 課程群組、家教等級、多人姓名
A76: 75 | B76: CQ1131097 | C76: 李奕勳、李書妍、楊宥語 | D76: 三民館 | E76: 三民家教會員 | G76: 0916198265 | H76: 0916198265 | I76: 儲值卡 | J76: 27000 | K76: 會員資料04.xls | L76: 家教等級、多人姓名
A77: 76 | B77: CQ113110 | C77: 王琳雅、王筱筠、王昱傑 | D77: 三民課程 | E77: 三民家教會員 | G77: 0939235050-1 | I77: 儲值卡 | J77: 8100 | K77: 會員資料04.xls | L77: 課程群組、家教等級、多人姓名
A78: 77 | B78: CQ1131101 | C78: 李梓誠、李梓安、葉昕妤 | D78: 三民課程 | E78: 三民家教會員 | G78: 0912890002 | I78: 儲值卡 | J78: 7920 | K78: 會員資料04.xls | L78: 課程群組、家教等級、多人姓名
A79: 78 | B79: CQ1131103 | C79: 黃喻澤、黃思僑 | D79: 三民課程 | E79: 三民家教會員 | G79: 0933560101 | I79: 儲值卡 | J79: 12960 | K79: 會員資料04.xls | L79: 課程群組、家教等級、多人姓名
A80: 79 | B80: CQ113135 | C80: 徐聖富 | D80: 三民課程 | E80: 三民家教會員 | G80: 0925158521 | I80: 儲值卡 | J80: 6600 | K80: 會員資料04.xls | L80: 課程群組、家教等級
A81: 80 | B81: CQ113137 | C81: 葉千語 | D81: 三民課程 | E81: 三民家教會員 | G81: 0955391942 | I81: 儲值卡 | J81: 14400 | K81: 會員資料04.xls | L81: 課程群組、家教等級
A82: 81 | B82: CQ1132001 | C82: 楊程鴻、賴羿諠 | D82: 三民館 | E82: 三民家教會員 | G82: 0922826836 | H82: 0922826836 | I82: 儲值卡 | J82: 20085 | K82: 會員資料04.xls | L82: 家教等級、多人姓名
A83: 82 | B83: CQ113211 | D83: 三民課程 | E83: 三民家教會員 | G83: 0905580274-1 | I83: 儲值卡 | J83: 13680 | K83: 會員資料04.xls | L83: 課程群組、家教等級
A84: 83 | B84: CQ113310 | C84: 張語恩 | D84: 三民課程 | E84: 三民家教會員 | G84: 0922012332 | I84: 儲值卡 | J84: 19440 | K84: 會員資料04.xls | L84: 課程群組、家教等級
A85: 84 | B85: CQ113315 | C85: 賴宥諠、林品薰 | D85: 三民課程 | E85: 三民家教會員 | G85: 0910315336-1 | I85: 儲值卡 | J85: 26565 | K85: 會員資料04.xls | L85: 課程群組、家教等級、多人姓名
A86: 85 | B86: CQ113316 | C86: 陳榆奇、陳汨檍 | D86: 三民課程 | E86: 三民家教會員 | G86: 0937455654 | I86: 儲值卡 | J86: 7125 | K86: 會員資料04.xls | L86: 課程群組、家教等級、多人姓名
A87: 86 | B87: CQ113345 | C87: 江靜亭、江鳴蕙 | D87: 三民課程 | E87: 三民家教會員 | G87: 0921856822 | I87: 儲值卡 | J87: 70650 | K87: 會員資料04.xls | L87: 課程群組、家教等級、多人姓名
A88: 87 | B88: CQ113346 | C88: 江靜亭 | D88: 三民課程 | E88: 三民家教會員 | G88: 0935716123 | I88: 儲值卡 | J88: 49905 | K88: 會員資料04.xls | L88: 課程群組、家教等級
A89: 88 | B89: CQ113360 | C89: 張安淇 | D89: 三民課程 | E89: 三民家教會員 | G89: 0930220021 | I89: 儲值卡 | J89: 67116 | K89: 會員資料04.xls | L89: 課程群組、家教等級
A90: 89 | B90: CQ113362 | C90: 鍾昀珊、蔡昀玲 | D90: 三民課程 | E90: 三民家教會員 | G90: 0920552751 | I90: 儲值卡 | J90: 32400 | K90: 會員資料04.xls | L90: 課程群組、家教等級、多人姓名
A91: 90 | B91: CQ113369 | C91: 李培綸 | D91: 三民課程 | E91: 三民家教會員 | G91: 0953305887 | I91: 儲值卡 | J91: 100935 | K91: 會員資料04.xls | L91: 課程群組、家教等級
A92: 91 | B92: CQ113372 | C92: 黃育語、黃芋妮 | D92: 三民課程 | E92: 三民家教會員 | G92: 0917974820 | I92: 儲值卡 | J92: 12960 | K92: 會員資料04.xls | L92: 課程群組、家教等級、多人姓名
A93: 92 | B93: CQ113375 | C93: 李采諭、李沇諭 | D93: 三民課程 | E93: 三民家教會員 | G93: 0922452978 | I93: 儲值卡 | J93: 6480 | K93: 會員資料04.xls | L93: 課程群組、家教等級、多人姓名
A94: 93 | B94: CQ113376 | C94: 李采諭 | D94: 三民課程 | E94: 三民家教會員 | G94: 0928552475 | I94: 儲值卡 | J94: 5940 | K94: 會員資料04.xls | L94: 課程群組、家教等級
A95: 94 | B95: CQ113377 | C95: 張瑜庭 | D95: 三民課程 | E95: 三民家教會員 | G95: 0935583191 | I95: 儲值卡 | J95: 11880 | K95: 會員資料04.xls | L95: 課程群組、家教等級
... A98: 97 | B98: CQ113391 | C98: 黃昱璇、黃馨儀 | D98: 三民課程 | E98: 三民家教會員 | G98: 0930139880 | I98: 儲值卡 | J98: 19152 | K98: 會員資料04.xls | L98: 課程群組、家教等級、多人姓名
A99: 98 | B99: CQ113398 | D99: 三民課程 | E99: 三民家教會員 | G99: 0988423486 | I99: 儲值卡 | J99: 70416 | K99: 會員資料04.xls | L99: 課程群組、家教等級
A100: 99 | B100: CQ113399 | C100: 陳宥勳、陳韋彤 | D100: 三民課程 | E100: 三民家教會員 | G100: 0955554989 | I100: 儲值卡 | J100: 86196 | K100: 會員資料04.xls | L100: 課程群組、家教等級、多人姓名
A101: 100 | B101: CQ113403 | C101: 鄭芮橙、鄭卓豐 | D101: 三民課程 | E101: 三民家教會員 | G101: 0931303530 | I101: 儲值卡 | J101: 63360 | K101: 會員資料04.xls | L101: 課程群組、家教等級、多人姓名
A102: 101 | B102: CQ113418 | C102: 吳翊菲 吳晨熙 吳祐安 張傑茗張詠旋 | D102: 三民課程 | E102: 三民家教會員 | G102: 0911070950 | I102: 儲值卡 | J102: 11880 | K102: 會員資料04.xls | L102: 課程群組、家教等級
A103: 102 | B103: CQ113420 | C103: 崔宸羽、邱子叡、邱羽安 | D103: 三民課程 | E103: 三民家教會員 | G103: 0987771876 | I103: 儲值卡 | J103: 23760 | K103: 會員資料04.xls | L103: 課程群組、家教等級、多人姓名
A104: 103 | B104: CQ113421 | C104: 吳翊菲、吳晨熙、吳祐安 | D104: 三民課程 | E104: 三民家教會員 | G104: 0915008355 | I104: 儲值卡 | J104: 7920 | K104: 會員資料04.xls | L104: 課程群組、家教等級、多人姓名
A105: 104 | B105: CQ113423 | C105: 蔡子媛、蔡子安 | D105: 三民課程 | E105: 三民家教會員 | G105: 0972285171 | I105: 儲值卡 | J105: 58698 | K105: 會員資料04.xls | L105: 課程群組、家教等級、多人姓名
A106: 105 | B106: CQ113425 | C106: 陳祈睿、陳聖惟 | D106: 三民課程 | E106: 三民家教會員 | G106: 0989617355 | I106: 儲值卡 | J106: 44496 | K106: 會員資料04.xls | L106: 課程群組、家教等級、多人姓名
A107: 106 | B107: CQ113437 | C107: 廖紫姈 | D107: 三民課程 | E107: 三民家教會員 | G107: 0937399561 | I107: 儲值卡 | J107: 11616 | K107: 會員資料04.xls | L107: 課程群組、家教等級
A108: 107 | B108: CQ113441 | C108: 廖紫姈、洪慈蔭 | D108: 三民課程 | E108: 三民家教會員 | G108: 0937399561-1 | I108: 儲值卡 | J108: 46080 | K108: 會員資料04.xls | L108: 課程群組、家教等級、多人姓名
A109: 108 | B109: CQ113452 | C109: 何岑駿、林儀沁 | D109: 三民課程 | E109: 三民家教會員 | G109: 0937458420 | I109: 儲值卡 | J109: 26172 | K109: 會員資料04.xls | L109: 課程群組、家教等級、多人姓名
A110: 109 | B110: CQ113454 | C110: 何采璇、林紫橦、葉佳恩 | D110: 三民館 | E110: 三民家教會員 | G110: 0937458420-1 | I110: 儲值卡 | J110: 33660 | K110: 會員資料04.xls | L110: 家教等級、多人姓名
A111: 110 | B111: CQ113455 | C111: 何采璇、林紫橦、葉佳恩 | D111: 三民課程 | E111: 三民家教會員 | G111: 0937458420-2 | I111: 儲值卡 | J111: 15840 | K111: 會員資料04.xls | L111: 課程群組、家教等級、多人姓名
... A141: 140 | B141: CQ113525 | C141: 劉牧天、劉牧飛 | D141: 三民課程 | E141: 三民家教會員 | G141: 0983661545 | I141: 儲值卡 | J141: 20880 | K141: 會員資料04.xls | L141: 課程群組、家教等級、多人姓名
A142: 141 | B142: CQ113525-1 | D142: 三民課程 | E142: 三民家教會員 | G142: 0936770825 | I142: 儲值卡 | J142: 26640 | K142: 會員資料04.xls | L142: 課程群組、家教等級
A143: 142 | B143: CQ113526 | C143: 陳怡芳 | D143: 三民課程 | E143: 三民家教會員 | G143: 0958360413 | I143: 儲值卡 | J143: 12408 | K143: 會員資料04.xls | L143: 課程群組、家教等級
A144: 143 | B144: CQ113527 | C144: 高雅涵、高寬勝、李語芯、李語恬、林葦杉、江芊曄 | D144: 三民課程 | E144: 三民家教會員 | G144: 0918029946 | I144: 儲值卡 | J144: 16200 | K144: 會員資料04.xls | L144: 課程群組、家教等級、多人姓名
A145: 144 | B145: CQ113527-1 | C145: 姚奕鍇 | D145: 三民課程 | E145: 三民家教會員 | G145: 0926181435 | I145: 儲值卡 | J145: 53127 | K145: 會員資料04.xls | L145: 課程群組、家教等級
A146: 145 | B146: CQ113528 | C146: 林雲、陳秉翔、陳芷羚、陳昱晴、陳逸姍 | D146: 三民課程 | E146: 一般會員 | G146: 0986272899 | I146: 儲值卡 | J146: 14400 | K146: 會員資料04.xls | L146: 課程群組、多人姓名
A147: 146 | B147: CQ113529 | C147: 林承勳、林宗緯 | D147: 三民課程 | E147: 三民家教會員 | G147: 0930901313 | I147: 儲值卡 | J147: 55530 | K147: 會員資料04.xls | L147: 課程群組、家教等級、多人姓名
A148: 147 | B148: CQ113530 | C148: 莊瀚霆、莊馥瑄、莊翔鈞 | D148: 三民課程 | E148: 三民家教會員 | G148: 0926667166 | I148: 儲值卡 | J148: 6480 | K148: 會員資料04.xls | L148: 課程群組、家教等級、多人姓名
A149: 148 | B149: CQ113531 | C149: 歐紘碩、歐姵妘 | D149: 三民課程 | E149: 三民家教會員 | G149: 0988538010 | I149: 儲值卡 | J149: 27480 | K149: 會員資料04.xls | L149: 課程群組、家教等級、多人姓名
A150: 149 | B150: CQ113533 | C150: 呂昭儀 | D150: 三民課程 | E150: 三民家教會員 | G150: 0928607050 | I150: 儲值卡 | J150: 6600 | K150: 會員資料04.xls | L150: 課程群組、家教等級
A151: 150 | B151: CQ113535 | C151: 陳瀅心 | D151: 三民課程 | E151: 三民家教會員 | G151: 0960110067 | I151: 儲值卡 | J151: 7200 | K151: 會員資料04.xls | L151: 課程群組、家教等級
A152: 151 | B152: CQ113536 | C152: 鄭維玲、鄭維萱 | D152: 三民課程 | E152: 三民家教會員 | G152: 0921143106 | I152: 儲值卡 | J152: 20880 | K152: 會員資料04.xls | L152: 課程群組、家教等級、多人姓名
A153: 152 | B153: CQ113537 | C153: 吳芷宣 | D153: 三民課程 | E153: 三民家教會員 | G153: 0937089640 | I153: 儲值卡 | J153: 25080 | K153: 會員資料04.xls | L153: 課程群組、家教等級
A154: 153 | B154: CQ113538 | C154: 李祈萱 | D154: 三民課程 | E154: 三民家教會員 | G154: 0972878118 | I154: 儲值卡 | J154: 67395 | K154: 會員資料04.xls | L154: 課程群組、家教等級
... A163: 162 | B163: CQ113550 | C163: 洪祥恩、洪晨祐 | D163: 三民課程 | E163: 三民家教會員 | G163: 0912567346 | I163: 儲值卡 | J163: 58650 | K163: 會員資料04.xls | L163: 課程群組、家教等級、多人姓名
A164: 163 | B164: CQ113551 | D164: 三民課程 | E164: 三民家教會員 | G164: 0978157660 | I164: 儲值卡 | J164: 7200 | K164: 會員資料04.xls | L164: 課程群組、家教等級
A165: 164 | B165: CQ113552 | C165: 張鎰捷 | D165: 三民課程 | E165: 三民家教會員 | G165: 0920663024 | I165: 儲值卡 | J165: 4320 | K165: 會員資料04.xls | L165: 課程群組、家教等級
A166: 165 | B166: CQ113555 | C166: 黃冠淵、黃楷茹 | D166: 三民課程 | E166: 三民家教會員 | G166: 0912097627 | I166: 儲值卡 | J166: 8640 | K166: 會員資料04.xls | L166: 課程群組、家教等級、多人姓名
A167: 166 | B167: CQ113556 | C167: 粘瑞津、蔡欣穎、蔡依倫 | D167: 三民課程 | E167: 三民家教會員 | G167: 0963001667 | I167: 儲值卡 | J167: 16920 | K167: 會員資料04.xls | L167: 課程群組、家教等級、多人姓名
A168: 167 | B168: CQ113557 | C168: 黃柏丰、黃柏禎、韓舜宇、蘇巧芯 | D168: 三民課程 | E168: 三民家教會員 | G168: 0928216416 | I168: 儲值卡 | J168: 19008 | K168: 會員資料04.xls | L168: 課程群組、家教等級、多人姓名
A169: 168 | B169: CQ113558 | C169: 李瓊音、陳禹彤、陳禹霏 | D169: 三民課程 | E169: 三民家教會員 | G169: 0912291940 | I169: 儲值卡 | J169: 9000 | K169: 會員資料04.xls | L169: 課程群組、家教等級、多人姓名
A170: 169 | B170: CQ113559 | C170: 黃德倫 | D170: 三民課程 | E170: 三民家教會員 | G170: 0939392246 | I170: 儲值卡 | J170: 12540 | K170: 會員資料04.xls | L170: 課程群組、家教等級
A171: 170 | B171: CQ113560 | C171: 胡宏銘、胡慈恩、邱子紳 | D171: 三民課程 | E171: 三民家教會員 | G171: 0939237152 | I171: 儲值卡 | J171: 59760 | K171: 會員資料04.xls | L171: 課程群組、家教等級、多人姓名
A172: 171 | B172: CQ113561 | C172: 陳玥綾、陳泇愷 | D172: 三民課程 | E172: 三民家教會員 | G172: 0970212588 | I172: 儲值卡 | J172: 27360 | K172: 會員資料04.xls | L172: 課程群組、家教等級、多人姓名
A173: 172 | B173: CQ113562 | C173: 陳言芯、陳胤銜 | D173: 三民課程 | E173: 三民家教會員 | G173: 0965661205 | I173: 儲值卡 | J173: 13680 | K173: 會員資料04.xls | L173: 課程群組、家教等級、多人姓名
A174: 173 | B174: CQ113563 | C174: 張宇妡、張宇晴 | D174: 三民課程 | E174: 三民家教會員 | G174: 0952317917 | I174: 儲值卡 | J174: 35850 | K174: 會員資料04.xls | L174: 課程群組、家教等級、多人姓名
...

Sheet 學員資料-三重商工
A1: 序號 | B1: 會員編號（舊） | C1: 姓名 | D1: 館別群組（原） | E1: 會員等級（原） | F1: 生日（民國） | G1: 行動電話 | H1: 電話 | I1: 卡片類別 | J1: 總消費 | K1: 來源檔案 | L1: 分類依據
A2: 1 | B2: BQ113330 | C2: 陳宜蓁陳聖樺 | D2: 三重館 | E2: 三重家教會員 | G2: 0921812796 | I2: 儲值卡 | J2: 38952 | K2: 會員資料01.xls | L2: 家教等級、多人姓名
A3: 2 | B3: AQ111104 | C3: 許子彤、許葳 | D3: 商工課程 | E3: 三重家教會員 | G3: 0958729541 | I3: 儲值卡 | J3: 6120 | K3: 會員資料01.xls | L3: 課程群組、家教等級、多人姓名
A4: 3 | B4: AQ112496 | C4: 陳妍安、陳妍均 | D4: 商工課程 | E4: 三重家教會員 | G4: 0916242232 | I4: 儲值卡 | J4: 49440 | K4: 會員資料01.xls | L4: 課程群組、家教等級、多人姓名
A5: 4 | B5: AQ113950 | C5: 陳柏辰、陳虹伶、蘇彥丞、吳孟軒 | D5: 三重館 | E5: 新北家教會員 | G5: 0916982997 | I5: 儲值卡 | J5: 10800 | K5: 會員資料02.xls | L5: 家教等級、多人姓名
A6: 5 | B6: AQ114057 | D6: 商工課程 | E6: 一般會員 | G6: 0913009897 | I6: 儲值卡 | J6: 9900 | K6: 會員資料02.xls | L6: 課程群組
A7: 6 | B7: AQ1140628 | C7: 謝東哲、謝依靜、謝佩璇 | D7: 商工課程 | E7: 三重家教會員 | G7: 0952663043 | I7: 儲值卡 | J7: 9900 | K7: 會員資料02.xls | L7: 課程群組、家教等級、多人姓名
A8: 7 | B8: B13103 | C8: 楊政修 | D8: 三重館 | E8: 三重家教會員 | G8: 0911553712 | I8: 儲值卡 | J8: 0 | K8: 會員資料02.xls | L8: 家教等級
A9: 8 | B9: B13104 | C9: 劉憶瑩 | D9: 三重館 | E9: 三重家教會員 | G9: 0919329712 | I9: 儲值卡 | J9: 0 | K9: 會員資料02.xls | L9: 家教等級
A10: 9 | B10: BQ108455 | C10: 曾子豪、曾子瑜 | D10: 商工課程 | E10: 三重家教會員 | G10: 0933074090 | I10: 儲值卡 | J10: 17280 | K10: 會員資料02.xls | L10: 課程群組、家教等級、多人姓名
A11: 10 | B11: BQ109062 | C11: 陳睫晞、胡賀鈞、陳睫禹、胡庭瑄 | D11: 商工課程 | E11: 三重家教會員 | G11: AQ0017 | I11: 儲值卡 | J11: 24430 | K11: 會員資料03.xls | L11: 課程群組、家教等級、多人姓名
A12: 11 | B12: BQ109089 | C12: 陳慧屏、蔡侑庭、蔡承翰 | D12: 商工課程 | E12: 三重家教會員 | G12: AQ0019 | I12: 儲值卡 | J12: 6885 | K12: 會員資料03.xls | L12: 課程群組、家教等級、多人姓名
A13: 12 | B13: BQ109198 | C13: 張鼎綸、張妍妍 | D13: 商工課程 | E13: 三重家教會員 | G13: 0952657693 | I13: 儲值卡 | J13: 7200 | K13: 會員資料03.xls | L13: 課程群組、家教等級、多人姓名
A14: 13 | B14: BQ109354 | C14: 李宜軒、李沅軒 | D14: 商工課程 | E14: 三重家教會員 | G14: AQ0020 | I14: 儲值卡 | J14: 6480 | K14: 會員資料03.xls | L14: 課程群組、家教等級、多人姓名
A15: 14 | B15: BQ109533 | C15: 黃諾恩、李睿玹、張有紳 | D15: 商工課程 | E15: 三重家教會員 | G15: 0958934013 | I15: 儲值卡 | J15: 9000 | K15: 會員資料03.xls | L15: 課程群組、家教等級、多人姓名
A16: 15 | B16: BQ110027 | C16: 謝旭翔、謝承叡 | D16: 商工課程 | E16: 三重家教會員 | G16: 0929169103 | I16: 儲值卡 | J16: 8640 | K16: 會員資料03.xls | L16: 課程群組、家教等級、多人姓名
A17: 16 | B17: BQ110080 | C17: 劉竫宥、李渟嶼、亦霖、思羽 | D17: 商工課程 | E17: 三重家教會員 | G17: AQ0006 | I17: 儲值卡 | J17: 10800 | K17: 會員資料03.xls | L17: 課程群組、家教等級、多人姓名
A18: 17 | B18: BQ111033 | C18: 賴韻晴、賴冠銓 | D18: 商工課程 | E18: 三重家教會員 | G18: DE61540306 | I18: 儲值卡 | J18: 0 | K18: 會員資料03.xls | L18: 課程群組、家教等級、多人姓名
... A35: 34 | B35: BQ112128 | C35: 林東德 | D35: 商工課程 | E35: 三重家教會員 | G35: 0900111222 | I35: 儲值卡 | J35: 6000 | K35: 會員資料03.xls | L35: 課程群組、家教等級
A36: 35 | B36: BQ112132 | C36: 謝昕辰謝昀琪 | D36: 三重館 | E36: 三重家教會員 | G36: 0953289313 | H36: 0953289313 | I36: 儲值卡 | J36: 29700 | K36: 會員資料03.xls | L36: 家教等級、多人姓名
A37: 36 | B37: BQ112155 | C37: 鄭宇廷、林煦昊、林于蕎 | D37: 商工課程 | E37: 三重家教會員 | G37: 0983916765-2 | I37: 儲值卡 | J37: 9720 | K37: 會員資料03.xls | L37: 課程群組、家教等級、多人姓名
A38: 37 | B38: BQ112159 | C38: 李秉誠 | D38: 三重館 | E38: 三重家教會員 | G38: 0976613417 | I38: 儲值卡 | J38: 25740 | K38: 會員資料03.xls | L38: 家教等級
A39: 38 | B39: BQ112196 | C39: 黃郁珺 | D39: 商工課程 | E39: 三重家教會員 | G39: 0968775079 | I39: 儲值卡 | J39: 7200 | K39: 會員資料03.xls | L39: 課程群組、家教等級
A40: 39 | B40: BQ112220 | C40: 賴立軒 | D40: 商工課程 | E40: 三重家教會員 | G40: 0920107013 | I40: 儲值卡 | J40: 6600 | K40: 會員資料03.xls | L40: 課程群組、家教等級
A41: 40 | B41: BQ112235 | C41: 陳品邑 | D41: 商工課程 | E41: 三重家教會員 | G41: 0955742659 | I41: 儲值卡 | J41: 7200 | K41: 會員資料03.xls | L41: 課程群組、家教等級
A42: 41 | B42: BQ112236 | C42: 陳瑜采 | D42: 商工課程 | E42: 三重家教會員 | G42: 0989800234 | I42: 儲值卡 | J42: 7200 | K42: 會員資料03.xls | L42: 課程群組、家教等級
A43: 42 | B43: BQ112265 | D43: 商工課程 | E43: 三重家教會員 | G43: 0937039857 | I43: 儲值卡 | J43: 6600 | K43: 會員資料03.xls | L43: 課程群組、家教等級
A44: 43 | B44: BQ112290 | C44: 陳耑佑 | D44: 三重館 | E44: 三重家教會員 | G44: 0978666555 | I44: 儲值卡 | J44: 0 | K44: 會員資料03.xls | L44: 家教等級
A45: 44 | B45: BQ112298 | D45: 商工課程 | E45: 三重家教會員 | G45: 0919730925 | I45: 儲值卡 | J45: 9720 | K45: 會員資料03.xls | L45: 課程群組、家教等級
A46: 45 | B46: BQ112310 | C46: 楊捷翔、楊曜安 | D46: 商工課程 | E46: 三重家教會員 | G46: 0924029887 | I46: 儲值卡 | J46: 8640 | K46: 會員資料03.xls | L46: 課程群組、家教等級、多人姓名
A47: 46 | B47: BQ112317 | C47: 劉宥彤、劉又甄、沈柏宇、沈奕丞 | D47: 商工課程 | E47: 三重家教會員 | G47: 0937752031 | I47: 儲值卡 | J47: 20736 | K47: 會員資料03.xls | L47: 課程群組、家教等級、多人姓名
A48: 47 | B48: BQ112337 | C48: 蔡薰賢、洪楨雅 | D48: 商工課程 | E48: 三重家教會員 | G48: 0910951005 | I48: 儲值卡 | J48: 6480 | K48: 會員資料03.xls | L48: 課程群組、家教等級、多人姓名
A49: 48 | B49: BQ112338 | C49: 詹紹柔、詹樂昀、詹顥宸 | D49: 商工課程 | E49: 三重家教會員 | G49: 0963469636 | I49: 儲值卡 | J49: 32400 | K49: 會員資料03.xls | L49: 課程群組、家教等級、多人姓名
A50: 49 | B50: BQ112349 | C50: 涂宬睿 | D50: 商工課程 | E50: 三重家教會員 | G50: 0939693212 | I50: 儲值卡 | J50: 19440 | K50: 會員資料03.xls | L50: 課程群組、家教等級
A51: 50 | B51: BQ112355 | C51: 張博睿、張凱睿 | D51: 商工課程 | E51: 三重家教會員 | G51: 0987003036 | I51: 儲值卡 | J51: 8640 | K51: 會員資料03.xls | L51: 課程群組、家教等級、多人姓名
A52: 51 | B52: BQ112356 | C52: 曾秀茹、江佳霖、施儀欣、黃雋恩 | D52: 商工課程 | E52: 三重家教會員 | G52: 0912263473 | I52: 儲值卡 | J52: 11520 | K52: 會員資料03.xls | L52: 課程群組、家教等級、多人姓名
A53: 52 | B53: BQ112359 | C53: 柏廷 | D53: 商工課程 | E53: 三重家教會員 | G53: 0955810185 | I53: 儲值卡 | J53: 12960 | K53: 會員資料03.xls | L53: 課程群組、家教等級
A54: 53 | B54: BQ112369 | C54: 張佳禾、張承宗 | D54: 商工課程 | E54: 三重家教會員 | G54: 0980594643 | I54: 儲值卡 | J54: 15552 | K54: 會員資料03.xls | L54: 課程群組、家教等級、多人姓名
A55: 54 | B55: BQ112385 | C55: 林秀英 | D55: 商工課程 | E55: 三重家教會員 | G55: 0935973139 | I55: 儲值卡 | J55: 6600 | K55: 會員資料03.xls | L55: 課程群組、家教等級
A56: 55 | B56: BQ112401 | C56: 劉邏 | D56: 商工課程 | E56: 三重家教會員 | G56: 0958112332 | I56: 儲值卡 | J56: 6600 | K56: 會員資料03.xls | L56: 課程群組、家教等級
A57: 56 | B57: BQ112409 | C57: 孫子淳、黃宗祥、陳品宜、陳立帆 | D57: 商工課程 | E57: 三重家教會員 | G57: 0920521554 | I57: 儲值卡 | J57: 11520 | K57: 會員資料03.xls | L57: 課程群組、家教等級、多人姓名
... A67: 66 | B67: BQ113073 | C67: 吳律蓁、吳又融 | D67: 商工課程 | E67: 三重家教會員 | G67: 0911248744 | I67: 儲值卡 | J67: 7776 | K67: 會員資料03.xls | L67: 課程群組、家教等級、多人姓名
A68: 67 | B68: BQ113074 | D68: 商工課程 | E68: 三重家教會員 | G68: 0916803354 | I68: 儲值卡 | J68: 81648 | K68: 會員資料03.xls | L68: 課程群組、家教等級
A69: 68 | B69: BQ113077 | C69: 吳禹漩、吳禹樂 | D69: 商工課程 | E69: 三重家教會員 | G69: 0919307069 | I69: 儲值卡 | J69: 6480 | K69: 會員資料03.xls | L69: 課程群組、家教等級、多人姓名
A70: 69 | B70: BQ113078 | C70: 薛侑甯 | D70: 商工課程 | E70: 三重家教會員 | G70: 0913906199 | I70: 儲值卡 | J70: 7200 | K70: 會員資料03.xls | L70: 課程群組、家教等級
A71: 70 | B71: BQ113082 | C71: 薛聖翰 | D71: 商工課程 | E71: 三重家教會員 | G71: 0928828969 | I71: 儲值卡 | J71: 29700 | K71: 會員資料03.xls | L71: 課程群組、家教等級
A72: 71 | B72: BQ113086 | C72: 王歆媛、王彥蓁 | D72: 商工課程 | E72: 三重家教會員 | G72: 0936285475 | I72: 儲值卡 | J72: 33390 | K72: 會員資料03.xls | L72: 課程群組、家教等級、多人姓名
A73: 72 | B73: BQ113088 | C73: 楊賜梅、謝旻諺 | D73: 商工課程 | E73: 三重家教會員 | G73: 0918631131 | I73: 儲值卡 | J73: 12960 | K73: 會員資料03.xls | L73: 課程群組、家教等級、多人姓名
A74: 73 | B74: BQ113090 | C74: 黃煒宸、黃小香 | D74: 商工課程 | E74: 三重家教會員 | G74: 0975650503 | I74: 儲值卡 | J74: 112110 | K74: 會員資料03.xls | L74: 課程群組、家教等級、多人姓名
A75: 74 | B75: BQ113096 | C75: 李愛葳 | D75: 商工課程 | E75: 三重家教會員 | G75: 0955517557 | I75: 儲值卡 | J75: 7200 | K75: 會員資料03.xls | L75: 課程群組、家教等級
A76: 75 | B76: BQ113101 | C76: 蕭詠駿、鄭又慈 | D76: 商工課程 | E76: 三重家教會員 | G76: AQ0010 | I76: 儲值卡 | J76: 27540 | K76: 會員資料03.xls | L76: 課程群組、家教等級、多人姓名
A77: 76 | B77: BQ113113 | C77: 莊鎮睿、林熙芝 | D77: 商工課程 | E77: 三重家教會員 | G77: 0939933381 | I77: 儲值卡 | J77: 106128 | K77: 會員資料03.xls | L77: 課程群組、家教等級、多人姓名
A78: 77 | B78: BQ113131 | C78: 楊芷軒、許以曦 | D78: 商工課程 | E78: 三重家教會員 | G78: 0916265368-1 | I78: 儲值卡 | J78: 17280 | K78: 會員資料03.xls | L78: 課程群組、家教等級、多人姓名
A79: 78 | B79: BQ113132 | C79: 楊凱崴 | D79: 商工課程 | E79: 三重家教會員 | G79: 0917151923 | I79: 儲值卡 | J79: 47754 | K79: 會員資料03.xls | L79: 課程群組、家教等級
A80: 79 | B80: BQ113136 | C80: 林偉程、楊又璇 | D80: 三重館 | E80: 三重家教會員 | G80: 0916710620 | I80: 儲值卡 | J80: 19008 | K80: 會員資料03.xls | L80: 家教等級、多人姓名
... A96: 95 | B96: BQ113216 | C96: 陳品蓁、詹博傑 | D96: 商工課程 | E96: 三重家教會員 | G96: 0987703114 | I96: 儲值卡 | J96: 13800 | K96: 會員資料03.xls | L96: 課程群組、家教等級、多人姓名
A97: 96 | B97: BQ113223 | C97: 陳潔玉、陳冠文、陳沛旭 | D97: 三重館 | E97: 一般會員 | G97: 0989988426 | H97: 0989988426 | I97: 儲值卡 | J97: 18000 | K97: 會員資料03.xls | L97: 多人姓名
A98: 97 | B98: BQ113224 | C98: 李咨瑩 | D98: 商工課程 | E98: 三重家教會員 | G98: 0916167142 | I98: 儲值卡 | J98: 6600 | K98: 會員資料03.xls | L98: 課程群組、家教等級
A99: 98 | B99: BQ113226 | C99: 林于皓 | D99: 商工課程 | E99: 三重家教會員 | G99: 0958934003 | I99: 儲值卡 | J99: 6600 | K99: 會員資料03.xls | L99: 課程群組、家教等級
A100: 99 | B100: BQ113227 | C100: 王琪硯 | D100: 商工課程 | E100: 三重家教會員 | G100: 0935167865 | I100: 儲值卡 | J100: 12540 | K100: 會員資料03.xls | L100: 課程群組、家教等級
A101: 100 | B101: BQ113229 | C101: 陳之葉、陳瑾瑜 | D101: 商工課程 | E101: 三重家教會員 | G101: 0918903203 | I101: 儲值卡 | J101: 48330 | K101: 會員資料03.xls | L101: 課程群組、家教等級、多人姓名
A102: 101 | B102: BQ113230 | C102: 詹沛忻、詹子樂 | D102: 商工課程 | E102: 三重家教會員 | G102: 0912510279 | I102: 儲值卡 | J102: 7200 | K102: 會員資料03.xls | L102: 課程群組、家教等級、多人姓名
A103: 102 | B103: BQ113231 | C103: 許晏紳、許馥薇 | D103: 商工課程 | E103: 三重家教會員 | G103: 0983525968 | I103: 儲值卡 | J103: 98118 | K103: 會員資料03.xls | L103: 課程群組、家教等級、多人姓名
A104: 103 | B104: BQ113232 | C104: 蕭宇綸、蕭宇彤 | D104: 商工課程 | E104: 三重家教會員 | G104: 0975289909 | I104: 儲值卡 | J104: 7200 | K104: 會員資料03.xls | L104: 課程群組、家教等級、多人姓名
A105: 104 | B105: BQ113233 | C105: 李沛穎、李昀柔、吳邦誠 | D105: 商工課程 | E105: 三重家教會員 | G105: 0955087720 | I105: 儲值卡 | J105: 9000 | K105: 會員資料03.xls | L105: 課程群組、家教等級、多人姓名
A106: 105 | B106: BQ113234 | C106: 洪翊博 | D106: 商工課程 | E106: 三重家教會員 | G106: 0930947039 | I106: 儲值卡 | J106: 6600 | K106: 會員資料03.xls | L106: 課程群組、家教等級
A107: 106 | B107: BQ113238 | C107: 李昀晏、李昀宸 | D107: 商工課程 | E107: 三重家教會員 | G107: 0958934005 | I107: 儲值卡 | J107: 7200 | K107: 會員資料03.xls | L107: 課程群組、家教等級、多人姓名
A108: 107 | B108: BQ113239 | C108: 李昀霏、李昀晴、李昀霓 | D108: 商工課程 | E108: 三重家教會員 | G108: 0910054776 | I108: 儲值卡 | J108: 9000 | K108: 會員資料03.xls | L108: 課程群組、家教等級、多人姓名
A109: 108 | B109: BQ113240 | C109: 林承澔 | D109: 商工課程 | E109: 一般會員 | F109: 101/12/09 | G109: 0988377443 | I109: 儲值卡 | J109: 3960 | K109: 會員資料03.xls | L109: 課程群組
A110: 109 | B110: BQ113243 | C110: 黃煦凱、廖俞安 | D110: 商工課程 | E110: 三重家教會員 | G110: 0926251535 | I110: 儲值卡 | J110: 43350 | K110: 會員資料03.xls | L110: 課程群組、家教等級、多人姓名
A111: 110 | B111: BQ113244 | C111: 王宥琋、郭宣妤 | D111: 商工課程 | E111: 三重家教會員 | G111: 0958264081 | I111: 儲值卡 | J111: 67662 | K111: 會員資料03.xls | L111: 課程群組、家教等級、多人姓名
A112: 111 | B112: BQ113246 | C112: 王冠惟 | D112: 商工課程 | E112: 三重家教會員 | G112: 0905191938 | I112: 儲值卡 | J112: 15510 | K112: 會員資料03.xls | L112: 課程群組、家教等級
A113: 112 | B113: BQ113247 | C113: 蘇子淯、陳耑佑 | D113: 商工課程 | E113: 三重家教會員 | G113: 0931947547 | I113: 儲值卡 | J113: 4320 | K113: 會員資料03.xls | L113: 課程群組、家教等級、多人姓名
A114: 113 | B114: BQ113250 | C114: 陳慧榆 | D114: 商工課程 | E114: 三重家教會員 | G114: 0917522507 | I114: 儲值卡 | J114: 7200 | K114: 會員資料03.xls | L114: 課程群組、家教等級
A115: 114 | B115: BQ113252 | C115: 鄭宇廷 | D115: 商工課程 | E115: 三重家教會員 | G115: 0983916765-1 | I115: 儲值卡 | J115: 81144 | K115: 會員資料03.xls | L115: 課程群組、家教等級
A116: 115 | B116: BQ113253 | C116: 陳品邑、陳瑜采 | D116: 商工課程 | E116: 三重家教會員 | G116: 0989800234-1 | I116: 儲值卡 | J116: 8640 | K116: 會員資料03.xls | L116: 課程群組、家教等級、多人姓名
A117: 116 | B117: BQ113256 | C117: 邱之弘、邱安喬 | D117: 商工課程 | E117: 三重家教會員 | G117: 0953212011 | I117: 儲值卡 | J117: 41640 | K117: 會員資料03.xls | L117: 課程群組、家教等級、多人姓名
A118: 117 | B118: BQ113257 | C118: 粘洛齊、張安緹、沈志叡 | D118: 商工課程 | E118: 三重家教會員 | G118: 0933075199 | I118: 儲值卡 | J118: 9720 | K118: 會員資料03.xls | L118: 課程群組、家教等級、多人姓名
A119: 118 | B119: BQ113258 | C119: 鄭椲澈、鄭椲穎 | D119: 商工課程 | E119: 三重家教會員 | G119: 0956697676 | I119: 儲值卡 | J119: 8640 | K119: 會員資料03.xls | L119: 課程群組、家教等級、多人姓名
A120: 119 | B120: BQ113260 | C120: 鄭凱聰、鄭宇廷 | D120: 商工課程 | E120: 三重家教會員 | G120: 0983916765 | I120: 儲值卡 | J120: 8640 | K120: 會員資料03.xls | L120: 課程群組、家教等級、多人姓名
A121: 120 | B121: BQ113262 | C121: 范炎堯 | D121: 商工課程 | E121: 三重家教會員 | G121: 0933037462 | I121: 儲值卡 | J121: 70554 | K121: 會員資料03.xls | L121: 課程群組、家教等級
... A157: 156 | B157: BQ113301 | C157: 鄭羽彤、鄭涵勻 | D157: 商工課程 | E157: 三重家教會員 | G157: 0933237828 | I157: 儲值卡 | J157: 20430 | K157: 會員資料03.xls | L157: 課程群組、家教等級、多人姓名
A158: 157 | B158: BQ113302 | D158: 商工課程 | E158: 三重家教會員 | G158: 0939561232 | I158: 儲值卡 | J158: 17280 | K158: 會員資料03.xls | L158: 課程群組、家教等級
A159: 158 | B159: BQ113304 | C159: 楊沁瑜 | D159: 商工課程 | E159: 三重家教會員 | G159: 0910859275 | I159: 儲值卡 | J159: 23760 | K159: 會員資料03.xls | L159: 課程群組、家教等級
A160: 159 | B160: BQ113305 | C160: 林綵霈 | D160: 商工課程 | E160: 三重家教會員 | G160: 0920215407 | I160: 儲值卡 | J160: 42264 | K160: 會員資料03.xls | L160: 課程群組、家教等級
A161: 160 | B161: BQ113308 | C161: 黃春琦 | D161: 商工課程 | E161: 三重家教會員 | G161: 0921646760 | I161: 儲值卡 | J161: 13200 | K161: 會員資料03.xls | L161: 課程群組、家教等級
A162: 161 | B162: BQ113311 | C162: 陳泓翔、陳新翰 | D162: 商工課程 | E162: 三重家教會員 | G162: 0934193003 | I162: 儲值卡 | J162: 7200 | K162: 會員資料03.xls | L162: 課程群組、家教等級、多人姓名
A163: 162 | B163: BQ113312 | C163: 彭子洧、彭韋榤 | D163: 商工課程 | E163: 三重家教會員 | G163: 0963326146 | I163: 儲值卡 | J163: 21600 | K163: 會員資料03.xls | L163: 課程群組、家教等級、多人姓名
A164: 163 | B164: BQ113314 | C164: 方香琴 | D164: 三重館 | E164: 三重家教會員 | G164: 0965739936 | H164: 0965739936 | I164: 儲值卡 | J164: 13200 | K164: 會員資料03.xls | L164: 家教等級
A165: 164 | B165: BQ113315 | C165: 陳依晴、陳若語 | D165: 商工課程 | E165: 三重家教會員 | G165: 0988028023 | I165: 儲值卡 | J165: 5940 | K165: 會員資料03.xls | L165: 課程群組、家教等級、多人姓名
A166: 165 | B166: BQ113316 | C166: 呂沛庭、呂家逵 | D166: 商工課程 | E166: 三重家教會員 | G166: 0936647899 | I166: 儲值卡 | J166: 7200 | K166: 會員資料03.xls | L166: 課程群組、家教等級、多人姓名
A167: 166 | B167: BQ113318 | C167: 黃煦凱、廖俞安 | D167: 商工課程 | E167: 三重家教會員 | G167: 0982252694 | I167: 儲值卡 | J167: 13680 | K167: 會員資料03.xls | L167: 課程群組、家教等級、多人姓名
A168: 167 | B168: BQ113319 | C168: 陳泓育、陳哲育 | D168: 商工課程 | E168: 三重家教會員 | G168: 0932001825 | I168: 儲值卡 | J168: 6480 | K168: 會員資料03.xls | L168: 課程群組、家教等級、多人姓名
A169: 168 | B169: BQ113323 | C169: 江宥磊、江宥緯 | D169: 商工課程 | E169: 三重家教會員 | G169: 0926368926 | I169: 儲值卡 | J169: 56100 | K169: 會員資料03.xls | L169: 課程群組、家教等級、多人姓名
A170: 169 | B170: BQ113324 | C170: 簡晴 | D170: 商工課程 | E170: 三重家教會員 | G170: 0928817342 | I170: 儲值卡 | J170: 26100 | K170: 會員資料03.xls | L170: 課程群組、家教等級
A171: 170 | B171: BQ113327 | C171: 陳宥呈 | D171: 商工課程 | E171: 三重家教會員 | G171: 0935973198 | I171: 儲值卡 | J171: 67800 | K171: 會員資料03.xls | L171: 課程群組、家教等級
A172: 171 | B172: BQ113328 | C172: 吳其昀吳奐甄 | D172: 三重館 | E172: 三重家教會員 | G172: 0939287997 | I172: 儲值卡 | J172: 56760 | K172: 會員資料03.xls | L172: 家教等級、多人姓名
A173: 172 | B173: BQ113329 | C173: 潘昭彥潘昭廷 | D173: 三重館 | E173: 三重家教會員 | G173: 0935323195 | I173: 儲值卡 | J173: 57360 | K173: 會員資料03.xls | L173: 家教等級、多人姓名
A174: 173 | B174: BQ113336 | C174: 蔡薰賢洪楨雅宇桁 | D174: 三重館 | E174: 三重家教會員 | G174: 09109510055 | H174: 0910951005 | I174: 儲值卡 | J174: 26730 | K174: 會員資料03.xls | L174: 家教等級、多人姓名
A175: 174 | B175: BQ113342 | C175: 呂昕芮、呂宥廷 | D175: 商工課程 | E175: 三重家教會員 | G175: 0913800680 | I175: 儲值卡 | J175: 6480 | K175: 會員資料03.xls | L175: 課程群組、家教等級、多人姓名
...

Sheet 學員資料-新北高中
A1: 序號 | B1: 會員編號（舊） | C1: 姓名 | D1: 館別群組（原） | E1: 會員等級（原） | F1: 生日（民國） | G1: 行動電話 | H1: 電話 | I1: 卡片類別 | J1: 總消費 | K1: 來源檔案 | L1: 分類依據
A2: 1 | B2: 1150202 | C2: 蔡昕桐、蔡昕恩 | D2: 新北課程 | E2: 新北家教會員 | G2: 0958088666 | I2: 儲值卡 | J2: 25920 | K2: 會員資料01.xls | L2: 課程群組、家教等級、多人姓名
A3: 2 | B3: 1150203 | C3: 陳柏碩、陳霖 | D3: 新北館 | E3: 一般會員 | G3: 0960926856 | I3: 儲值卡 | J3: 8640 | K3: 會員資料01.xls | L3: 多人姓名
A4: 3 | B4: A1131001 | C4: 李秉祐、李家丞、馬靖峰 | D4: 新北館 | E4: 一般會員 | G4: 0932728089 | I4: 儲值卡 | J4: 15840 | K4: 會員資料01.xls | L4: 多人姓名
A5: 4 | B5: A113308 | C5: 李東泰、李雅安、李珮安 | D5: 新北館 | E5: 一般會員 | G5: 0986119202 | I5: 儲值卡 | J5: 9000 | K5: 會員資料01.xls | L5: 多人姓名
A6: 5 | B6: A11402 | C6: 林柏辰 | D6: 新北館 | E6: 新北家教會員 | G6: 0987277897 | I6: 儲值卡 | J6: 0 | K6: 會員資料01.xls | L6: 家教等級
A7: 6 | B7: A130803063 | C7: 許錚 | D7: 新北館 | E7: 新北家教會員 | G7: 0932345516 | H7: 0932345516 | I7: 儲值卡 | J7: 0 | K7: 會員資料01.xls | L7: 家教等級
A8: 7 | B8: A130926985 | C8: 鄭斌鴻、侯文娟 | D8: 新北課程 | E8: 新北家教會員 | G8: 0952260875 | I8: 儲值卡 | J8: 22800 | K8: 會員資料01.xls | L8: 課程群組、家教等級、多人姓名
A9: 8 | B9: AQ0007 | C9: 顧子琪、顧子賢、潘威佑、潘宣妤 | D9: 新北課程 | E9: 新北家教會員 | G9: AQ0007 | I9: 儲值卡 | J9: 12672 | K9: 會員資料01.xls | L9: 課程群組、家教等級、多人姓名
A10: 9 | B10: AQ01140723 | C10: 陳禹甯、翁楷玹、翁楷淳、陳禹樸 | D10: 新北館 | E10: 新北家教會員 | G10: 0987168289 | I10: 儲值卡 | J10: 0 | K10: 會員資料01.xls | L10: 家教等級、多人姓名
A11: 10 | B11: AQ1009 | D11: 新北館 | E11: 新北家教會員 | G11: 0913521852 | I11: 儲值卡 | J11: 50040 | K11: 會員資料01.xls | L11: 家教等級
A12: 11 | B12: AQ108251 | C12: 陳吟榛、陳俐帆、陳姿穎 | D12: 新北課程 | E12: 一般會員 | G12: 0900000001 | I12: 儲值卡 | J12: 18000 | K12: 會員資料01.xls | L12: 課程群組、多人姓名
A13: 12 | B13: AQ109071 | C13: 陳名明、石家怡 | D13: 新北課程 | E13: 新北家教會員 | G13: 0939541957 | I13: 儲值卡 | J13: 7200 | K13: 會員資料01.xls | L13: 課程群組、家教等級、多人姓名
A14: 13 | B14: AQ109271 | C14: 許展睿 | D14: 新北課程 | E14: 新北家教會員 | G14: AQ0014 | I14: 儲值卡 | J14: 9000 | K14: 會員資料01.xls | L14: 課程群組、家教等級
A15: 14 | B15: AQ109288 | C15: 李紫晞、吳忻語、石家宜 | D15: 新北課程 | E15: 新北家教會員 | G15: 0937987666 | I15: 儲值卡 | J15: 7290 | K15: 會員資料01.xls | L15: 課程群組、家教等級、多人姓名
A16: 15 | B16: AQ109382 | C16: 陳宥均、陳宥任、陳宥齊 | D16: 新北課程 | E16: 新北家教會員 | G16: 0963099285 | I16: 儲值卡 | J16: 9000 | K16: 會員資料01.xls | L16: 課程群組、家教等級、多人姓名
A17: 16 | B17: AQ109427 | C17: 莊盛安、修樂菲 | D17: 新北館 | E17: 新北家教會員 | G17: 0978071701-1 | I17: 儲值卡 | J17: 6480 | K17: 會員資料01.xls | L17: 家教等級、多人姓名
A18: 17 | B18: AQ110010 | C18: 陳霖 | D18: 新北課程 | E18: 新北家教會員 | G18: 0953417659 | I18: 儲值卡 | J18: 31220 | K18: 會員資料01.xls | L18: 課程群組、家教等級
A19: 18 | B19: AQ110011 | C19: 黃子嫣 | D19: 新北課程 | E19: 新北家教會員 | G19: 0911111111 | I19: 儲值卡 | J19: 6600 | K19: 會員資料01.xls | L19: 課程群組、家教等級
A20: 19 | B20: AQ110069 | C20: 陳威霖、陳威丞 | D20: 新北課程 | E20: 新北家教會員 | G20: 0974512659 | I20: 儲值卡 | J20: 6120 | K20: 會員資料01.xls | L20: 課程群組、家教等級、多人姓名
A21: 20 | B21: AQ110086 | C21: 洪啟叡 | D21: 新北館 | E21: 新北家教會員 | G21: MQ09052970 | I21: 儲值卡 | J21: 6600 | K21: 會員資料01.xls | L21: 家教等級
A22: 21 | B22: AQ110093 | C22: 劉語晨 | D22: 新北課程 | E22: 新北家教會員 | G22: 0974596741 | I22: 儲值卡 | J22: 5400 | K22: 會員資料01.xls | L22: 課程群組、家教等級
A23: 22 | B23: AQ110103 | C23: 謝承勳 | D23: 新北課程 | E23: 新北家教會員 | G23: AQ0018 | I23: 儲值卡 | J23: 4800 | K23: 會員資料01.xls | L23: 課程群組、家教等級
... A33: 32 | B33: AQ111102 | C33: 周允文、周以暄 | D33: 新北館 | E33: 新北家教會員 | G33: 0972288989 | I33: 儲值卡 | J33: 43200 | K33: 會員資料01.xls | L33: 家教等級、多人姓名
A34: 33 | B34: AQ111111 | D34: 新北課程 | E34: 新北家教會員 | G34: AQ0013 | I34: 儲值卡 | J34: 19440 | K34: 會員資料01.xls | L34: 課程群組、家教等級
A35: 34 | B35: AQ111112 | D35: 新北課程 | E35: 新北家教會員 | G35: AQ0008 | I35: 儲值卡 | J35: 17280 | K35: 會員資料01.xls | L35: 課程群組、家教等級
A36: 35 | B36: AQ111118 | D36: 新北課程 | E36: 新北家教會員 | G36: AQ00000 | I36: 儲值卡 | J36: 9600 | K36: 會員資料01.xls | L36: 課程群組、家教等級
A37: 36 | B37: AQ111137 | C37: 游凡萱、李萬崴、周家呈 | D37: 新北館 | E37: 新北家教會員 | G37: AQ0011 | I37: 儲值卡 | J37: 13500 | K37: 會員資料01.xls | L37: 家教等級、多人姓名
A38: 37 | B38: AQ111140 | C38: 李昀桐、李翊菲 | D38: 新北課程 | E38: 新北家教會員 | G38: 111140111140 | I38: 儲值卡 | J38: 6120 | K38: 會員資料01.xls | L38: 課程群組、家教等級、多人姓名
A39: 38 | B39: AQ111142 | C39: 賴禹心賴楷承 | D39: 新北課程 | E39: 新北家教會員 | G39: 111142111142 | I39: 儲值卡 | J39: 12240 | K39: 會員資料01.xls | L39: 課程群組、家教等級、多人姓名
A40: 39 | B40: AQ111223 | C40: 鄧博誠 | D40: 新北課程 | E40: 新北家教會員 | G40: 0958623447 | I40: 儲值卡 | J40: 4800 | K40: 會員資料01.xls | L40: 課程群組、家教等級
A41: 40 | B41: AQ111235 | C41: 曾鈺婷、張豔秋 | D41: 新北課程 | E41: 新北家教會員 | G41: 0920087355 | I41: 儲值卡 | J41: 7200 | K41: 會員資料01.xls | L41: 課程群組、家教等級、多人姓名
A42: 41 | B42: AQ111247 | C42: 徐菁軒、徐鼎呈、陳香妘、潘柚岑 | D42: 新北館 | E42: 新北家教會員 | G42: 0917766323-1 | I42: 儲值卡 | J42: 8160 | K42: 會員資料01.xls | L42: 家教等級、多人姓名
A43: 42 | B43: AQ1112503 | C43: 呂乘澄、呂乘佳 | D43: 新北館 | E43: 一般會員 | G43: 0933221556 | I43: 儲值卡 | J43: 12960 | K43: 會員資料01.xls | L43: 多人姓名
A44: 43 | B44: AQ111260 | C44: 林愷杰、李赫雅 | D44: 新北課程 | E44: 新北家教會員 | G44: 0937544216 | I44: 儲值卡 | J44: 75600 | K44: 會員資料01.xls | L44: 課程群組、家教等級、多人姓名
A45: 44 | B45: AQ111263 | C45: 方心祈、方宥程 | D45: 新北課程 | E45: 新北家教會員 | G45: 0958741692 | I45: 儲值卡 | J45: 6120 | K45: 會員資料01.xls | L45: 課程群組、家教等級、多人姓名
A46: 45 | B46: AQ111275 | C46: 陳宥珊、連唯里、連唯亦 | D46: 新北課程 | E46: 新北家教會員 | G46: 111275111275 | I46: 儲值卡 | J46: 6885 | K46: 會員資料01.xls | L46: 課程群組、家教等級、多人姓名
A47: 46 | B47: AQ111282 | C47: 張智明 | D47: 新北課程 | E47: 新北家教會員 | G47: 0900000025 | I47: 儲值卡 | J47: 6600 | K47: 會員資料01.xls | L47: 課程群組、家教等級
A48: 47 | B48: AQ111294 | C48: 陳柏睿、陳柏宏、陳冠宏 | D48: 新北課程 | E48: 新北家教會員 | G48: 0911342957 | I48: 儲值卡 | J48: 6885 | K48: 會員資料01.xls | L48: 課程群組、家教等級、多人姓名
... A62: 61 | B62: AQ112049 | C62: 蘇少駒 | D62: 新北課程 | E62: 新北家教會員 | G62: 0958934001 | I62: 儲值卡 | J62: 19800 | K62: 會員資料01.xls | L62: 課程群組、家教等級
A63: 62 | B63: AQ1120504 | D63: 新北課程 | E63: 新北家教會員 | G63: 0900000023 | I63: 儲值卡 | J63: 6600 | K63: 會員資料01.xls | L63: 課程群組、家教等級
A64: 63 | B64: AQ112058 | C64: 徐菁軒、徐鼎呈、陳曉妍 | D64: 新北課程 | E64: 新北家教會員 | G64: 0917766323 | I64: 儲值卡 | J64: 13770 | K64: 會員資料01.xls | L64: 課程群組、家教等級、多人姓名
A65: 64 | B65: AQ112066 | D65: 新北課程 | E65: 新北家教會員 | G65: 0934153060 | I65: 儲值卡 | J65: 105120 | K65: 會員資料01.xls | L65: 課程群組、家教等級
A66: 65 | B66: AQ112082 | C66: 王宥凱、王宥勳 | D66: 新北課程 | E66: 新北家教會員 | G66: 0933136491-1 | I66: 儲值卡 | J66: 18000 | K66: 會員資料01.xls | L66: 課程群組、家教等級、多人姓名
A67: 66 | B67: AQ112087 | C67: 許雅纓 | D67: 新北課程 | E67: 新北家教會員 | G67: 0937985659 | I67: 儲值卡 | J67: 6000 | K67: 會員資料01.xls | L67: 課程群組、家教等級
A68: 67 | B68: AQ112168 | C68: 魏雅彤、魏業彬 | D68: 新北館 | E68: 新北家教會員 | G68: 0900000020 | I68: 儲值卡 | J68: 6480 | K68: 會員資料01.xls | L68: 家教等級、多人姓名
A69: 68 | B69: AQ112173 | C69: 詹鈞翔 林昊緯 林昕霓撢撢 | D69: 新北課程 | E69: 新北家教會員 | G69: 0900000009 | I69: 儲值卡 | J69: 8100 | K69: 會員資料01.xls | L69: 課程群組、家教等級
A70: 69 | B70: AQ112202 | C70: 林劭城、林凡恩 | D70: 新北課程 | E70: 新北家教會員 | G70: AQ0001 | I70: 儲值卡 | J70: 20520 | K70: 會員資料01.xls | L70: 課程群組、家教等級、多人姓名
A71: 70 | B71: AQ112223 | C71: 陳春涼、洪子涵、李元翔、劉怡伶、楊莉婷 | D71: 新北課程 | E71: 新北家教會員 | G71: 0000000008 | I71: 儲值卡 | J71: 13500 | K71: 會員資料01.xls | L71: 課程群組、家教等級、多人姓名
A72: 71 | B72: AQ112257 | C72: 張博富 | D72: 新北課程 | E72: 新北家教會員 | G72: 0928406699 | I72: 儲值卡 | J72: 8550 | K72: 會員資料01.xls | L72: 課程群組、家教等級
A73: 72 | B73: AQ112259 | C73: 鍾柏棟、鍾語恩、葉婉錤 | D73: 新北館 | E73: 一般會員 | G73: 0900000008 | I73: 儲值卡 | J73: 8100 | K73: 會員資料01.xls | L73: 多人姓名
A74: 73 | B74: AQ112262 | C74: 盧巧娣 | D74: 新北課程 | E74: 新北家教會員 | G74: 0955624889 | I74: 儲值卡 | J74: 5700 | K74: 會員資料01.xls | L74: 課程群組、家教等級
A75: 74 | B75: AQ112276 | C75: 黃禹倫 | D75: 新北課程 | E75: 新北家教會員 | G75: 0985659789 | I75: 儲值卡 | J75: 0 | K75: 會員資料01.xls | L75: 課程群組、家教等級
A76: 75 | B76: AQ112279 | C76: 阮如謙、阮如諄 | D76: 新北課程 | E76: 新北家教會員 | G76: 0939908339 | I76: 儲值卡 | J76: 19440 | K76: 會員資料01.xls | L76: 課程群組、家教等級、多人姓名
A77: 76 | B77: AQ112296 | C77: 蔡沛倫、張艷秋 | D77: 新北課程 | E77: 新北家教會員 | G77: 0000000010 | I77: 儲值卡 | J77: 13320 | K77: 會員資料01.xls | L77: 課程群組、家教等級、多人姓名
... A98: 97 | B98: AQ112498 | C98: 吳紹齊、吳勗廷 | D98: 新北課程 | E98: 新北家教會員 | G98: 0920869138 | I98: 儲值卡 | J98: 6480 | K98: 會員資料01.xls | L98: 課程群組、家教等級、多人姓名
A99: 98 | B99: AQ112499 | D99: 新北課程 | E99: 新北家教會員 | G99: 0000000000 | I99: 儲值卡 | J99: 7776 | K99: 會員資料01.xls | L99: 課程群組、家教等級
A100: 99 | B100: AQ112505 | C100: 駱庭聿 | D100: 新北課程 | E100: 新北家教會員 | G100: 0900000005 | I100: 儲值卡 | J100: 13200 | K100: 會員資料01.xls | L100: 課程群組、家教等級
A101: 100 | B101: AQ112506 | C101: 李軒、李聿 | D101: 新北課程 | E101: 新北家教會員 | G101: 0900000004 | I101: 儲值卡 | J101: 21000 | K101: 會員資料01.xls | L101: 課程群組、家教等級、多人姓名
A102: 101 | B102: AQ112508 | C102: 李松穎、李松樺 | D102: 新北課程 | E102: 新北家教會員 | G102: 0900000006 | I102: 儲值卡 | J102: 7200 | K102: 會員資料01.xls | L102: 課程群組、家教等級、多人姓名
A103: 102 | B103: AQ112516 | D103: 新北課程 | E103: 新北家教會員 | G103: 0936551588 | I103: 儲值卡 | J103: 29160 | K103: 會員資料01.xls | L103: 課程群組、家教等級
A104: 103 | B104: AQ112523 | C104: 張芸綺、張軒瑞 | D104: 新北館 | E104: 新北家教會員 | G104: 0939778079 | I104: 儲值卡 | J104: 6480 | K104: 會員資料01.xls | L104: 家教等級、多人姓名
A105: 104 | B105: AQ112530 | C105: 詹加靖、詹加右 | D105: 新北課程 | E105: 新北家教會員 | G105: 0937512688 | I105: 儲值卡 | J105: 14850 | K105: 會員資料01.xls | L105: 課程群組、家教等級、多人姓名
A106: 105 | B106: AQ112541 | C106: 陳怡安、張心榕 | D106: 新北課程 | E106: 新北家教會員 | G106: 0976107080 | I106: 儲值卡 | J106: 11520 | K106: 會員資料01.xls | L106: 課程群組、家教等級、多人姓名
A107: 106 | B107: AQ112550 | C107: 沈奕欣 | D107: 新北課程 | E107: 新北家教會員 | G107: 0912266611 | I107: 儲值卡 | J107: 6600 | K107: 會員資料01.xls | L107: 課程群組、家教等級
A108: 107 | B108: AQ112551 | C108: 林靖軒 | D108: 新北課程 | E108: 新北家教會員 | G108: 0932265839 | I108: 儲值卡 | J108: 6600 | K108: 會員資料01.xls | L108: 課程群組、家教等級
A109: 108 | B109: AQ112558 | C109: 施羽禺、施宏澤 | D109: 新北課程 | E109: 新北家教會員 | G109: 0952117685 | I109: 儲值卡 | J109: 19440 | K109: 會員資料01.xls | L109: 課程群組、家教等級、多人姓名
A110: 109 | B110: AQ112560 | C110: 郭柏岑、郭芸瑄、葉庭妤 | D110: 新北課程 | E110: 新北家教會員 | G110: 0937469019 | I110: 儲值卡 | J110: 8100 | K110: 會員資料01.xls | L110: 課程群組、家教等級、多人姓名
A111: 110 | B111: AQ112566 | C111: 林詠斌 | D111: 新北課程 | E111: 新北家教會員 | G111: 0956748223 | I111: 儲值卡 | J111: 11880 | K111: 會員資料01.xls | L111: 課程群組、家教等級
A112: 111 | B112: AQ112700 | C112: 盧素冰 | D112: 新北課程 | E112: 新北家教會員 | G112: 0910275948 | I112: 儲值卡 | J112: 13200 | K112: 會員資料01.xls | L112: 課程群組、家教等級
A113: 112 | B113: AQ113001 | C113: 房磊、房樺 | D113: 新北課程 | E113: 新北家教會員 | G113: 0917111777 | I113: 儲值卡 | J113: 53100 | K113: 會員資料01.xls | L113: 課程群組、家教等級、多人姓名
A114: 113 | B114: AQ113002 | C114: 賴冠丞 | D114: 新北課程 | E114: 新北家教會員 | G114: 0955742116 | I114: 儲值卡 | J114: 5400 | K114: 會員資料01.xls | L114: 課程群組、家教等級
A115: 114 | B115: AQ1130055 | C115: 曾昭誠、蔡逸程 | D115: 新北課程 | E115: 新北家教會員 | G115: 0910960516 | I115: 儲值卡 | J115: 20160 | K115: 會員資料01.xls | L115: 課程群組、家教等級、多人姓名
... A136: 135 | B136: AQ113059 | C136: 王宏睿、王宏遠 | D136: 新北課程 | E136: 新北家教會員 | G136: 0933075099 | I136: 儲值卡 | J136: 138240 | K136: 會員資料01.xls | L136: 課程群組、家教等級、多人姓名
A137: 136 | B137: AQ113060 | C137: 鄧縉琥 | D137: 新北館 | E137: 新北家教會員 | G137: 0919705056 | H137: 0919705056 | I137: 儲值卡 | J137: 51750 | K137: 會員資料01.xls | L137: 家教等級
A138: 137 | B138: AQ113064 | C138: 潘宣妤、顏子琪、駱又寧、李允心 | D138: 新北館 | E138: 新北家教會員 | G138: 09260619999 | I138: 儲值卡 | J138: 0 | K138: 會員資料01.xls | L138: 家教等級、多人姓名
A139: 138 | B139: AQ113066 | C139: 廖家瑩、廖恩瑩 | D139: 新北館 | E139: 新北家教會員 | G139: 0958224885 | I139: 儲值卡 | J139: 64008 | K139: 會員資料01.xls | L139: 家教等級、多人姓名
A140: 139 | B140: AQ113067 | C140: 應佳樺 | D140: 新北館 | E140: 新北家教會員 | G140: 0919543217 | I140: 儲值卡 | J140: 13200 | K140: 會員資料01.xls | L140: 家教等級
A141: 140 | B141: AQ113069 | C141: 李嘉宸、李柏筱、陳詠芯、陳詠安 | D141: 新北課程 | E141: 新北家教會員 | G141: 0987316117 | I141: 儲值卡 | J141: 28512 | K141: 會員資料01.xls | L141: 課程群組、家教等級、多人姓名
A142: 141 | B142: AQ1130704 | C142: 邱雅橙、邱承緒、霍禹碩 | D142: 新北館 | E142: 新北家教會員 | G142: 0908072998 | I142: 儲值卡 | J142: 19800 | K142: 會員資料01.xls | L142: 家教等級、多人姓名
A143: 142 | B143: AQ113071 | C143: 傅亦宸 | D143: 新北課程 | E143: 新北家教會員 | G143: 981383938 | I143: 儲值卡 | J143: 5940 | K143: 會員資料01.xls | L143: 課程群組、家教等級
A144: 143 | B144: AQ1130713 | C144: 簡劭謙、簡言叡 | D144: 新北課程 | E144: 一般會員 | G144: 0922055158 | I144: 儲值卡 | J144: 1400 | K144: 會員資料01.xls | L144: 課程群組、多人姓名
A145: 144 | B145: AQ113073 | C145: 許書銘、林意珊 | D145: 新北課程 | E145: 新北家教會員 | G145: 0912148262 | I145: 儲值卡 | J145: 12672 | K145: 會員資料01.xls | L145: 課程群組、家教等級、多人姓名
A146: 145 | B146: AQ113074 | C146: 許芮晞、陳思紜、李亦甯 | D146: 新北課程 | E146: 新北家教會員 | G146: 0911503032 | I146: 儲值卡 | J146: 15840 | K146: 會員資料01.xls | L146: 課程群組、家教等級、多人姓名
A147: 146 | B147: AQ113075 | C147: 謝雨襄、謝雨芯 | D147: 新北館 | E147: 一般會員 | G147: 0911221010 | H147: 0911221010 | I147: 儲值卡 | J147: 41436 | K147: 會員資料01.xls | L147: 多人姓名
A148: 147 | B148: AQ113079 | C148: 劉承昆 | D148: 新北課程 | E148: 新北家教會員 | G148: 0921387692 | I148: 儲值卡 | J148: 73800 | K148: 會員資料01.xls | L148: 課程群組、家教等級
A149: 148 | B149: AQ1130801 | C149: 楊昇翰、楊沅叡 | D149: 新北館 | E149: 新北家教會員 | G149: 0926552248 | I149: 儲值卡 | J149: 52950 | K149: 會員資料01.xls | L149: 家教等級、多人姓名
A150: 149 | B150: AQ113081 | C150: 羅丞皓 | D150: 新北課程 | E150: 新北家教會員 | G150: 0939999253 | I150: 儲值卡 | J150: 25416 | K150: 會員資料01.xls | L150: 課程群組、家教等級
A151: 150 | B151: AQ11308132 | C151: 賴怡君 | D151: 新北館 | E151: 新北家教會員 | G151: 0910462117 | I151: 儲值卡 | J151: 30222 | K151: 會員資料01.xls | L151: 家教等級
A152: 151 | B152: AQ11308135 | C152: 高維憶、蔡沛恩 | D152: 新北館 | E152: 新北家教會員 | G152: 0927673831-1 | I152: 儲值卡 | J152: 15300 | K152: 會員資料01.xls | L152: 家教等級、多人姓名
A153: 152 | B153: AQ113082 | C153: 劉騏禎、劉嚴文 | D153: 新北課程 | E153: 新北家教會員 | G153: 0958715328 | I153: 儲值卡 | J153: 93960 | K153: 會員資料01.xls | L153: 課程群組、家教等級、多人姓名
A154: 153 | B154: AQ1130824 | C154: 林愷杰、張守君、李赫雅 | D154: 新北館 | E154: 新北家教會員 | G154: 0922368644 | I154: 儲值卡 | J154: 40095 | K154: 會員資料01.xls | L154: 家教等級、多人姓名
A155: 154 | B155: AQ113087 | C155: 謝秉育 | D155: 新北課程 | E155: 新北家教會員 | G155: 0932453663 | I155: 儲值卡 | J155: 11880 | K155: 會員資料01.xls | L155: 課程群組、家教等級
A156: 155 | B156: AQ113089 | C156: 謝允昊、吳甯恩 | D156: 新北課程 | E156: 新北家教會員 | G156: 0983888731 | I156: 儲值卡 | J156: 3600 | K156: 會員資料01.xls | L156: 課程群組、家教等級、多人姓名
A157: 156 | B157: AQ113090 | C157: 陳尉瑜、陳威綸 | D157: 新北館 | E157: 新北家教會員 | G157: 0911591190 | I157: 儲值卡 | J157: 23232 | K157: 會員資料01.xls | L157: 家教等級、多人姓名
A158: 157 | B158: AQ1130912 | C158: 蔡玉珊、張語宸、蔡惠蘭 | D158: 新北課程 | E158: 新北家教會員 | G158: 0900000111 | H158: 0900000111 | I158: 儲值卡 | J158: 9000 | K158: 會員資料01.xls | L158: 課程群組、家教等級、多人姓名
A159: 158 | B159: AQ113094 | C159: 黃晨芯、李軒毅、簡晨安 | D159: 新北館 | E159: 新北家教會員 | G159: 0931393973 | I159: 儲值卡 | J159: 7920 | K159: 會員資料01.xls | L159: 家教等級、多人姓名
A160: 159 | B160: AQ113097 | D160: 新北館 | E160: 新北家教會員 | G160: 0987427287 | I160: 儲值卡 | J160: 40224 | K160: 會員資料01.xls | L160: 家教等級
A161: 160 | B161: AQ11310 | C161: 江欣庭、辛怡 | D161: 新北課程 | E161: 新北家教會員 | G161: 0932460372 | I161: 儲值卡 | J161: 13800 | K161: 會員資料01.xls | L161: 課程群組、家教等級、多人姓名
A162: 161 | B162: AQ113100 | C162: 邱聖軒、邱郁喬、邱郁晴 | D162: 新北課程 | E162: 新北家教會員 | G162: 0983390705 | I162: 儲值卡 | J162: 9000 | K162: 會員資料01.xls | L162: 課程群組、家教等級、多人姓名
...
